	Correct Word	Whisper Prediction	Match	Start Time	End Time	Execution Time
0	part	neuroscience.	0	0.32	0.39	2.69
1	chapter	chapter 7.	0	0.39	0.68	4.86
2	1	one.	0	0.68	1.03	5.40
3	a	getting mommy a month or six princess will arrive soon see that more who youflow	0	1.58	1.66	7.96
4	not	one night.	0	1.66	1.99	10.19
5	unnatural	unnatural.	0	1.99	2.77	10.68
6	enterprise	enterprise.	0	2.77	3.58	11.17
7	this	this.	0	5.04	5.27	11.79
8	is		0	5.27	5.37	12.31
9	written	written	1	5.37	5.72	14.08
10	from	from	1	5.72	6.00	14.57
11	memory	memory.	0	6.00	6.49	15.06
12	unfortunately	unfortunately.	0	6.64	7.54	15.55
13	if	if	1	8.09	8.22	16.42
14	i	i	1	8.22	8.30	20.30
15	could	it.	0	8.30	8.47	22.02
16	have		0	8.47	8.54	22.51
17	brought	bro...	0	8.54	8.84	24.26
18	with	with	1	8.84	9.02	24.73
19	me		0	9.02	9.15	25.21
20	the		0	9.15	9.22	25.67
21	material	material.	0	9.22	9.77	26.15
22	i	thank you so appreciate it!	0	9.77	9.86	28.06
23	so	so	1	9.86	10.05	28.60
24	carefully	carefully.	0	10.05	10.57	29.12
25	prepared	apparent.	0	10.57	11.09	31.02
26	this	until next time!	0	11.09	11.27	32.92
27	would		0	11.27	11.35	33.52
28	be		0	11.35	11.48	34.00
29	a		0	11.48	11.51	34.51
30	very	very	1	11.51	11.83	34.98
31	different	difference.	0	11.83	12.24	35.47
32	story	story.	0	12.24	12.86	35.96
33	whole	好吧!	0	13.42	13.65	37.71
34	books	books.	0	13.65	14.11	38.19
35	full	back and open with this series and get more plus and handling of the interpretive is helpful.	0	14.11	14.33	40.59
36	of		0	14.33	14.46	41.15
37	notes	notes.	0	14.46	14.95	41.64
38	carefully	carefully.	0	15.13	15.59	42.11
39	copied	copy	0	15.59	16.03	42.57
40	records	records.	0	16.03	16.66	43.06
41	firsthand	first hand.	0	16.66	17.34	43.63
42	descriptions	descriptions.	0	17.34	18.14	44.15
43	and	and	1	18.14	18.33	44.61
44	the		0	18.33	18.40	45.11
45	pictures	pictures.	0	18.40	19.13	45.60
46	that	thank you.	0	20.19	20.30	46.14
47	s		0	20.30	20.39	46.76
48	the	so	0	20.39	20.47	47.29
49	worst	super indo-os,	0	20.47	20.78	49.53
50	loss		0	20.78	21.20	50.09
51	we	we...	0	22.04	22.27	50.65
52	had	had	1	22.27	22.52	52.70
53	some	erson.	0	22.52	22.74	55.03
54	bird	burst sound	0	22.74	22.95	57.06
55	s		0	22.95	23.07	57.65
56	eyes	lại	0	23.07	23.38	59.74
57	of		0	23.38	23.47	60.31
58	the	ech	0	23.47	23.57	62.31
59	cities	cities.	0	23.57	24.00	62.87
60	and		0	24.00	24.14	63.46
61	parks	parks	1	24.14	24.60	68.17
62	a		0	25.14	25.21	68.71
63	lot	a lot.	0	25.21	25.48	69.31
64	of		0	25.48	25.56	69.85
65	lovely	definitely	0	25.56	26.04	71.93
66	views	views.	0	26.04	26.43	72.48
67	of		0	26.43	26.51	73.01
68	streets	streets.	0	26.51	27.30	73.56
69	of		0	27.43	27.50	74.07
70	buildings	buildings.	0	27.60	28.24	74.62
71	outside	outside.	0	28.24	28.81	75.14
72	and		0	28.81	28.94	75.70
73	in	and	0	28.94	29.26	76.23
74	and		0	29.26	29.44	76.74
75	some		0	29.44	29.72	77.27
76	of		0	29.72	29.83	77.91
77	those		0	29.83	30.15	78.43
78	gorgeous	gorgeous.	0	30.23	30.72	78.95
79	gardens	warden's	0	30.72	31.28	80.87
80	and	and	1	32.05	32.21	81.39
81	most	most.	0	32.21	32.50	81.92
82	important	important.	0	32.50	32.91	82.47
83	of		0	32.91	33.00	83.01
84	all	ball.	0	33.00	33.35	83.60
85	of	if	0	34.07	34.17	85.60
86	the		0	34.17	34.26	86.14
87	women	women.	0	34.26	34.53	86.67
88	themselves	themselves.	0	34.53	35.19	87.19
89	nobody	nobody.	0	36.47	36.97	87.74
90	will	will.	0	36.97	37.28	88.27
91	ever	ever.	0	37.28	37.52	88.81
92	believe	believe.	0	37.52	37.93	89.36
93	how	health.	0	37.93	38.13	89.89
94	they	they	1	38.13	38.28	91.91
95	looked	looked.	0	38.28	38.67	92.43
96	descriptions	descriptions.	0	38.76	39.35	94.40
97	are		0	39.35	39.38	94.91
98	nt	alright.	0	39.38	39.56	95.41
99	any	any編譯	0	39.62	39.85	97.42
100	good	good.	0	39.85	40.02	99.34
101	when	went.	0	40.02	40.18	101.32
102	it		0	40.18	40.26	101.84
103	comes	comes.	0	40.26	40.64	102.39
104	to		0	40.64	40.74	102.90
105	women	women.	0	40.74	41.00	103.42
106	and		0	41.00	41.11	103.95
107	i	thanks!	0	41.11	41.21	106.62
108	never		0	41.21	41.41	107.16
109	was	.	0	41.41	41.67	109.14
110	good	good.	0	41.67	41.82	110.39
111	at		0	41.82	41.88	110.87
112	descriptions	descriptions.	0	41.88	42.45	112.88
113	anyhow	any help.	0	42.45	42.96	113.51
114	but	but...	0	43.78	43.94	114.06
115	it		0	43.94	44.00	114.67
116	s		0	44.00	44.06	115.22
117	got	moment we get on the journey. apoppping. but in the winter the mother's day we get	0	44.06	44.27	117.74
118	to		0	44.27	44.30	118.31
119	be	well officiallyant	0	44.30	44.42	120.57
120	done	done.	0	44.42	44.62	121.17
121	somehow	somehow.	0	44.62	45.11	121.87
122	the	the	1	45.34	45.45	122.54
123	rest	november.	0	45.45	45.76	124.62
124	of		0	45.76	45.84	125.18
125	the		0	45.84	45.91	125.72
126	world	world.	0	45.91	46.23	126.27
127	needs	by.	0	46.23	46.57	128.49
128	to		0	46.57	46.60	129.05
129	know	no one	0	46.60	46.82	131.22
130	about	about..	0	46.82	47.10	133.57
131	that		0	47.10	47.21	134.16
132	country	country.	0	47.21	47.74	134.71
133	i	cute, howborn	0	48.93	49.01	136.87
134	have	oh my...	0	49.01	49.21	139.15
135	nt	so	0	49.21	49.34	145.46
136	said	said.	0	49.34	49.63	146.03
137	where	and where?	0	49.63	49.87	146.74
138	it		0	49.87	49.96	147.39
139	was	was.	0	49.96	50.32	147.99
140	for	one of these translations sounds did there? that was real. i was going to play again. in the play... this was so sad. that's what i want to say. it sounds more alive. it is expensive笑.	0	50.32	50.43	151.32
141	fear	you just want to hear a loud noise and turn on your ear.	0	50.43	50.73	153.64
142	some	some.	0	50.73	51.09	154.27
143	selfappointed	self-appointed.	0	51.09	51.74	154.84
144	missionaries	missionaries.	0	51.74	52.44	155.42
145	or	...	0	52.44	52.58	157.39
146	traders	you are	0	52.58	53.18	159.30
147	or	alright.	0	53.18	53.30	161.34
148	landgreedy	land.	0	53.30	53.61	161.87
149	expansionists	greedy expansionists.	0	53.61	54.83	162.44
150	will	well,	0	54.83	54.93	164.31
151	take	ok.	0	54.93	55.14	166.23
152	it		0	55.14	55.20	166.73
153	upon	paso.	0	55.20	55.50	168.61
154	themselves	themselves.	0	55.50	55.94	169.24
155	to		0	55.94	55.98	169.76
156	push	and i'm going do a push	0	55.98	56.28	172.01
157	in	time yeah, but. bears.	0	56.28	56.63	174.17
158	they	they	1	57.57	57.75	174.77
159	will		0	57.75	57.97	175.35
160	not	not.	0	57.97	58.27	175.92
161	be	ια	0	58.27	58.48	177.85
162	wanted	wanted.	0	58.48	59.05	178.37
163	i	bye.	0	59.62	59.71	178.91
164	can	second.	0	59.71	59.85	179.43
165	tell	so without any problems usage running off your hands and answering correctly, it's land number 12 that shakes your hands?	0	59.85	60.04	181.90
166	them		0	60.04	60.24	182.57
167	that	end.	0	60.24	60.55	184.49
168	and	and...	0	60.95	61.11	185.04
169	will		0	61.11	61.22	185.59
170	fare	same	0	61.22	61.53	187.58
171	worse	worse.	0	61.53	61.90	189.44
172	than	then.	0	61.90	62.12	189.98
173	we	yeah!	0	62.12	62.29	191.93
174	did	today.	0	62.29	62.53	194.04
175	if		0	62.53	62.64	194.55
176	they	way.	0	62.64	62.78	196.60
177	do	do	1	62.78	62.97	198.51
178	find	fine.	0	62.97	63.21	199.15
179	it	the message.	0	63.21	63.42	201.24
180	it	it's...	0	65.21	65.35	201.78
181	began	begin.	0	65.35	65.72	203.71
182	this	this.	0	65.72	65.92	204.24
183	way	way.	0	65.92	66.26	204.77
184	there	there.	0	66.95	67.12	205.30
185	were		0	67.12	67.20	205.80
186	three		0	67.20	67.54	206.34
187	of		0	67.54	67.62	206.84
188	us		0	67.62	67.95	207.37
189	classmates	classmates.	0	68.15	68.71	208.20
190	and		0	68.71	68.78	208.71
191	friends	friends.	0	68.78	69.28	209.26
192	terry	terry?	0	70.01	70.39	209.79
193	o		0	70.39	70.50	210.37
194	nicholson	nicholson.	0	70.50	71.14	210.93
195	we	we...	0	71.33	71.46	211.46
196	used	please.	0	71.46	71.66	211.99
197	to		0	71.66	71.69	212.52
198	call	possible thank you	0	71.69	71.90	214.51
199	him	and	0	71.90	72.07	219.44
200	the		0	72.07	72.20	219.98
201	old	.-	0	72.20	72.38	221.84
202	nick	next.	0	72.38	72.73	222.37
203	with	let's see'	0	72.73	72.88	224.27
204	good	good.	0	72.88	73.06	224.81
205	reason	reason.	0	73.06	73.49	225.35
206	jeff	jeff.	0	74.13	74.36	225.87
207	margrave	more great!	0	74.36	74.89	227.96
208	and	and...	0	75.22	75.36	228.47
209	i	byeное.	0	75.36	75.72	230.48
210	vandyck	bandai.	0	76.06	76.46	231.01
211	jennings	jennings.	0	76.46	76.96	231.57
212	we	with	0	77.96	78.11	232.08
213	had		0	78.11	78.21	232.61
214	known	yeah...	0	78.21	78.42	234.57
215	each	page.	0	78.42	78.58	235.08
216	other		0	78.58	78.70	235.73
217	years	years.	0	78.70	79.12	237.66
218	and		0	79.12	79.21	238.29
219	years	years.	0	79.21	79.58	238.86
220	and		0	79.58	79.65	239.49
221	in		0	79.65	79.73	240.05
222	spite	rights by the	0	79.73	80.02	242.36
223	of	and it got correct.	0	80.02	80.10	244.55
224	our		0	80.10	80.22	245.12
225	differences	differences.	0	80.22	80.79	245.67
226	we		0	80.79	80.89	246.39
227	had	thank you.	0	80.89	81.04	247.00
228	a		0	81.04	81.07	247.55
229	good	good.	0	81.07	81.27	248.44
230	deal		0	81.27	81.53	249.12
231	in		0	81.53	81.63	249.70
232	common	comment.	0	81.63	82.13	250.39
233	all	of	0	82.64	82.82	250.94
234	of		0	82.82	82.89	251.52
235	us		0	82.89	83.03	252.12
236	were	thank you.	0	83.03	83.12	252.74
237	interested	interested.	0	83.12	83.54	253.32
238	in		0	83.54	83.65	253.89
239	science	science.	0	83.65	84.15	254.57
240	terry	terry.	0	85.23	85.59	255.26
241	was	were	0	85.59	85.93	257.48
242	rich	which	0	85.93	86.19	258.06
243	enough	see you next.	0	86.19	86.40	260.30
244	to	mention.	0	86.43	86.52	262.63
245	do	do doing	0	86.52	86.69	264.61
246	as	as	1	86.69	86.87	266.53
247	he		0	86.87	86.98	267.18
248	pleased	pleased.	0	86.98	87.59	267.79
249	his	his	1	87.87	88.09	268.31
250	great	great.	0	88.09	88.44	268.84
251	aim	"there why players?"""	0	88.44	88.70	270.77
252	was	was.	0	88.70	88.92	271.30
253	exploration	exploration.	0	88.92	89.69	271.82
254	he	yeah.	0	90.33	90.45	273.98
255	used	웃음. beacuse. beacuse. beacuse. be enable. beacuse.遠.	0	90.45	90.65	276.44
256	to		0	90.65	90.68	276.94
257	make	two seconds.	0	90.68	90.83	278.91
258	all		0	90.83	90.92	279.54
259	kinds	all kinds.	0	90.92	91.32	281.60
260	of	and...	0	91.32	91.41	283.67
261	a		0	91.41	91.44	284.20
262	row		0	91.44	91.68	284.75
263	because	because.	0	91.68	92.00	285.28
264	there	so	0	92.00	92.09	285.78
265	was	was.	0	92.09	92.25	287.74
266	nothing	nothing.	0	92.25	92.55	288.29
267	left	left.	0	92.55	92.79	288.79
268	to		0	92.79	92.84	289.33
269	explore	explore.	0	92.84	93.23	289.85
270	now	know.	0	93.23	93.59	291.79
271	only	only.	0	93.93	94.17	292.34
272	patchwork	patchwork.	0	94.17	94.74	292.88
273	and	ends summer in the windsmen uh..	0	94.74	94.83	294.96
274	filling	filling.	0	94.83	95.17	296.90
275	in		0	95.17	95.33	297.43
276	he	thank you.	0	95.33	95.50	298.10
277	said	said.	0	95.50	95.94	298.62
278	he	okay.	0	96.51	96.74	299.15
279	filled	좀	0	96.74	97.09	301.19
280	in		0	97.09	97.29	301.74
281	well		0	97.29	97.48	302.27
282	enough	enough.	0	97.48	97.92	302.84
283	he	if you press the button on the num z value port, please press the button on the pointer.	0	98.62	98.72	305.57
284	had	you.	0	98.72	98.88	307.66
285	a		0	98.88	98.92	308.17
286	lot	a lot.	0	98.92	99.18	308.74
287	of	lots of questions lican you say.. yeah i don't really do interest in this ambassador for it what kind of interview did you see missing you at a saturday? general göre schoer and also so...	0	99.18	99.27	311.88
288	talents	talents.	0	99.27	99.81	312.45
289	great	great.	0	100.10	100.53	312.99
290	on	on.	0	100.53	100.69	313.56
291	mechanics	mechanics.	0	100.69	101.25	314.23
292	and		0	101.25	101.32	314.86
293	electricity	electricity.	0	101.32	102.05	315.44
294	had	have a great day.	0	102.56	102.68	316.04
295	all		0	102.68	102.81	316.59
296	kinds	urat kanten ...	0	102.81	103.17	318.71
297	of		0	103.17	103.23	319.24
298	boats	boat.	0	103.23	103.63	319.78
299	and		0	103.63	103.76	320.33
300	motorcars	motorboats.	0	103.76	104.34	320.92
301	and		0	104.34	104.46	321.58
302	was		0	104.46	104.60	322.14
303	one	one.	0	104.60	104.75	322.71
304	of		0	104.75	104.81	323.24
305	the	yep	0	104.81	104.87	325.27
306	best	best.	0	104.87	105.11	325.85
307	of		0	105.11	105.18	326.39
308	our		0	105.18	105.36	326.97
309	airmen	armond.	0	105.36	105.86	329.11
310	we	the瞭 virus and the	0	106.83	107.10	335.46
311	never	never.	0	107.33	107.83	336.15
312	could	solution comparison.	0	107.94	108.04	338.46
313	have		0	108.04	108.10	339.01
314	done	done.	0	108.10	108.31	339.68
315	the		0	108.31	108.38	340.24
316	thing	thanks.	0	108.38	108.61	340.91
317	at		0	108.61	108.68	341.49
318	all	wrong.	0	108.68	109.11	342.07
319	without	without.	0	109.20	109.59	342.67
320	terry	terry.	0	109.59	110.07	343.27
321	jeff	jeff.	0	112.46	112.68	343.85
322	margrave	mark rape	0	112.68	113.18	346.05
323	was	those a them for	0	113.18	113.30	348.44
324	born	point.	0	113.30	113.55	349.01
325	to		0	113.58	113.63	349.58
326	be	today is your brother's body 한국mathре friends to understand, and	0	113.63	113.78	351.85
327	a		0	113.78	113.82	352.38
328	poet	powered.	0	113.82	114.29	353.00
329	a	in 3d murder scene.	0	114.81	114.88	355.72
330	botanist	botanist.	0	114.88	115.58	356.28
331	or		0	115.58	115.71	356.80
332	both	both.	0	115.71	116.12	357.33
333	but	bye.	0	116.12	116.30	357.90
334	his	his.	0	116.30	116.50	358.42
335	folks	fields.	0	116.50	116.79	360.37
336	persuaded	which was persuaded.	0	116.79	117.31	362.51
337	him	i'll be back in a minute...	0	117.31	117.45	364.63
338	to		0	117.50	117.55	365.13
339	be		0	117.55	117.69	365.65
340	a		0	117.69	117.72	366.17
341	doctor	dr.	0	117.72	118.10	367.29
342	instead	instead.	0	118.10	118.71	367.83
343	he	ories.	0	119.41	119.51	370.70
344	was		0	119.51	119.63	371.40
345	a		0	119.63	119.69	371.90
346	good	good�던.	0	119.69	119.87	374.08
347	one	one.	0	119.87	120.09	374.61
348	for		0	120.09	120.27	375.13
349	his	eyes?	0	120.27	120.44	377.07
350	age	stage.	0	120.44	120.87	377.60
351	but	bye.	0	121.46	121.57	378.13
352	his	please.	0	121.57	121.73	378.68
353	real	real	1	121.73	122.10	379.17
354	interest	interest.	0	122.10	122.69	379.71
355	was	bye	0	122.69	122.84	381.67
356	in		0	122.84	122.97	382.20
357	what		0	122.97	123.09	382.77
358	he	but higa.	0	123.09	123.22	384.80
359	loved	loved.	0	123.22	123.51	386.84
360	to		0	123.51	123.54	387.39
361	call	call.	0	123.54	124.08	388.00
362	the		0	124.25	124.45	388.55
363	wonders	wonders.	0	124.45	125.02	389.18
364	of	a	0	125.02	125.17	391.24
365	science	science.	0	125.17	125.86	391.84
366	as	as	1	127.28	127.50	392.41
367	for		0	127.50	127.60	393.03
368	me	for me.	0	127.60	127.95	393.67
369	sociology	sociology.	0	127.95	128.63	394.26
370	s	please.	0	128.63	128.75	394.93
371	my	might.	0	128.75	128.90	397.05
372	major	major.	0	128.90	129.28	397.63
373	you	if	0	129.75	129.92	399.85
374	have	thanks for watching!	0	129.92	130.07	402.13
375	to		0	130.07	130.10	402.70
376	back	back.	0	130.10	130.44	403.31
377	that	there.	0	130.44	130.60	405.55
378	up		0	130.60	130.73	406.09
379	with		0	130.73	130.85	406.65
380	a		0	130.85	130.88	407.19
381	lot	thank you very much.	0	130.88	131.08	407.88
382	of		0	131.08	131.17	408.42
383	other		0	131.17	131.29	409.04
384	sciences	sciences.	0	131.29	131.82	409.65
385	of		0	131.82	131.89	410.21
386	course	course.	0	131.89	132.30	410.93
387	i	and...	0	132.82	132.92	411.50
388	m	time.	0	132.92	133.11	412.08
389	interested	interested.	0	133.11	133.55	412.62
390	in		0	133.55	133.65	413.16
391	them		0	133.65	133.78	413.72
392	all		0	133.78	134.11	414.35
393	terry	terry.	0	135.65	136.01	414.94
394	was		0	136.01	136.20	415.55
395	strong	strong.	0	136.20	136.57	416.14
396	on	on.	0	136.57	136.78	416.73
397	facts	thqth	0	136.78	137.31	419.00
398	geography	geography.	0	137.55	138.36	419.68
399	and		0	138.36	138.48	420.20
400	meteorology	meteorology.	0	138.48	139.34	420.76
401	and		0	139.34	139.46	421.31
402	those		0	139.46	139.90	421.94
403	jeff	jeff.	0	140.40	140.64	422.51
404	could	good.	0	140.64	140.82	423.15
405	beat		0	140.82	141.00	423.68
406	him	him.	0	141.00	141.24	424.20
407	any	any.	0	141.32	141.56	424.72
408	time	time.	0	141.56	141.98	425.27
409	on	on the蛋 borne. ****** browse	0	141.98	142.15	427.73
410	biology	biology.	0	142.15	142.92	428.32
411	and	and...	0	143.83	143.94	428.91
412	i	alright.	0	143.94	144.07	430.97
413	did	dc you	0	144.07	144.19	433.15
414	nt	good.	0	144.19	144.33	433.69
415	care	that works out.	0	144.33	144.53	435.88
416	what	what?	0	144.53	144.75	436.48
417	it		0	144.75	144.84	437.00
418	was	was.	0	144.84	145.06	437.57
419	they	it's sticking,	0	145.06	145.16	439.77
420	talked	symptoms after痛安?	0	145.16	145.44	442.05
421	about	about.	0	145.44	145.72	442.66
422	so	so,	0	145.72	145.86	443.30
423	long	along.	0	145.86	146.08	443.95
424	as		0	146.08	146.21	444.54
425	it		0	146.21	146.31	445.13
426	connected	connected.	0	146.31	146.69	445.79
427	with	with...	0	146.69	146.83	447.86
428	human	humans.	0	146.83	147.12	448.41
429	life	like.	0	147.12	147.34	450.50
430	somehow	somehow.	0	147.34	147.85	451.08
431	there	there.	0	148.58	148.83	451.76
432	are		0	148.83	148.96	452.42
433	few	to feel.	0	148.96	149.27	454.42
434	things	things.	0	149.27	149.73	454.99
435	that		0	149.73	149.84	455.47
436	do		0	149.84	149.97	455.98
437	nt	count.	0	149.97	150.18	457.82
438	we	we.	0	151.63	151.76	459.72
439	three		0	151.76	151.85	460.27
440	had		0	151.85	151.94	460.81
441	a		0	151.94	151.99	461.42
442	chance	chance.	0	151.99	152.53	462.01
443	to		0	152.53	152.56	462.62
444	join	join you	0	152.56	152.88	464.44
445	a		0	152.88	152.93	464.89
446	big	mp1.	0	152.93	153.15	466.70
447	scientific	scientific.	0	153.15	153.84	467.20
448	expedition	expedition.	0	153.84	154.59	467.69
449	they	they	1	155.13	155.29	468.17
450	needed	needed.	0	155.29	155.58	468.65
451	a		0	155.58	155.61	469.11
452	doctor	dr.	0	155.61	156.13	470.86
453	and	and	1	156.44	156.60	471.41
454	that	able-	0	156.60	156.74	473.15
455	gave	so let's take a guess.	0	156.74	157.02	475.14
456	jeff	popeye.	0	157.02	157.32	476.99
457	an	done!	0	157.32	157.38	478.92
458	excuse	thank you.	0	157.38	157.78	480.84
459	for	thanks for watching...	0	157.78	157.93	482.94
460	dropping	dropping.	0	157.93	158.29	483.46
461	his	his	1	158.29	158.55	485.36
462	just	just...	0	158.55	158.83	486.12
463	opening	ュ a	0	158.83	159.16	487.97
464	practice	practice.	0	159.16	159.74	488.49
465	they	thank you.	0	160.33	160.43	489.09
466	needed	needed.	0	160.43	160.69	489.61
467	terry	terry.	0	160.69	160.94	490.12
468	s		0	160.94	161.04	490.64
469	experience	experience.	0	161.04	161.76	491.17
470	his	his.	0	161.85	162.03	491.72
471	machine	machine.	0	162.03	162.60	492.41
472	and	and	1	162.84	163.02	493.03
473	his	skies.	0	163.02	163.21	494.98
474	money	money.	0	163.21	163.62	495.62
475	and	and	1	164.26	164.38	496.75
476	as	yes.	0	164.38	164.56	497.55
477	for		0	164.56	164.65	498.09
478	me	for me.	0	164.65	164.95	498.66
479	i	bye.	0	165.61	165.77	499.17
480	got	guys.	0	165.77	165.98	501.08
481	in		0	165.98	166.16	501.60
482	through	through.	0	166.16	166.35	503.49
483	terry	merry christmas.	0	166.35	166.62	505.54
484	s	please.	0	166.62	166.74	506.07
485	influence	influence.	0	166.74	167.31	506.60
486	the		0	169.56	169.62	507.10
487	expedition	expedition.	0	169.62	170.39	507.65
488	was	was	1	170.39	170.54	508.18
489	up	up.	0	170.54	170.73	508.68
490	among		0	170.73	171.04	509.19
491	the		0	171.04	171.11	509.82
492	thousand	more than 3000 [#c	0	171.11	171.55	511.70
493	tributaries	tributaries.	0	171.55	172.20	512.38
494	and		0	172.20	172.28	512.98
495	enormous	enormous.	0	172.28	172.68	513.59
496	hinterland	hinterland.	0	172.68	173.25	514.19
497	of	video.	0	173.25	173.35	516.23
498	a		0	173.35	173.38	516.77
499	great	great.	0	173.38	173.65	518.87
500	river	river.	0	173.68	174.14	519.41
501	up	u	0	174.47	174.64	521.46
502	where	there with	0	174.64	175.02	522.00
503	the	the	1	175.02	175.10	524.21
504	maps	maps	1	175.10	175.50	524.69
505	had	head.	0	175.50	175.81	525.26
506	to		0	175.81	175.84	525.88
507	be	bmmm.	0	175.84	175.98	527.82
508	made	made.	0	175.98	176.40	528.33
509	savage	savage.	0	176.70	177.27	528.85
510	dialects	dialect.	0	177.27	177.82	529.40
511	studied	studied.	0	177.82	178.58	529.94
512	and	and...	0	178.97	179.13	530.52
513	all	all	1	179.13	179.38	531.09
514	manner	oh manor	0	179.38	179.77	533.22
515	of	that. that's it.	0	179.77	179.85	535.42
516	strange	strange.	0	179.85	180.32	536.12
517	flora	florik.	0	180.32	180.68	538.17
518	and	and	1	180.68	180.84	538.71
519	fauna	bonnet	0	180.84	181.20	540.66
520	expected	expected.	0	181.20	181.91	541.25
521	but	but...	0	182.90	183.09	541.84
522	this	this.	0	183.09	183.25	542.39
523	story	story.	0	183.25	183.90	542.96
524	is	is.	0	183.94	184.15	543.54
525	not	not.	0	184.15	184.60	544.11
526	about	about.	0	184.60	184.87	544.69
527	that	that.	0	184.93	185.26	545.22
528	expedition	expedition.	0	185.26	185.98	545.75
529	that	that.	0	186.68	186.89	546.36
530	was	was	1	186.89	187.07	546.93
531	only	only.	0	187.07	187.43	547.53
532	the	the	1	187.43	187.51	549.59
533	merest	nearest.	0	187.51	188.14	550.15
534	starter	starter.	0	188.14	188.68	550.70
535	for		0	188.68	188.96	551.25
536	ours	hours.	0	188.96	189.53	551.80
537	my	hey!	0	191.32	191.42	554.23
538	interest	interest.	0	191.42	191.88	554.84
539	was	too soon.	0	191.88	192.04	556.90
540	first	first.	0	192.04	192.34	559.00
541	roused	see you soon.	0	192.34	192.65	560.98
542	by	bye.	0	192.65	192.77	561.53
543	talk	talk.	0	192.77	193.10	563.99
544	among		0	193.10	193.31	564.60
545	our	her	0	193.31	193.43	566.71
546	guides	guides	1	193.43	193.98	568.91
547	i	.	0	194.42	194.50	571.53
548	m	and	0	194.50	194.59	574.42
549	quick	quick.	0	194.59	194.83	575.05
550	at		0	194.83	194.90	575.65
551	languages	languages.	0	194.90	195.62	576.25
552	know	no.	0	195.82	196.00	576.89
553	a		0	196.00	196.04	577.50
554	good	good	1	196.04	196.22	579.81
555	many	many.	0	196.22	196.64	580.82
556	and	and...	0	196.78	196.90	581.47
557	pick		0	196.90	197.11	582.12
558	them	time for peppa thinking.	0	197.11	197.25	584.37
559	up		0	197.25	197.42	584.98
560	readily	readily.	0	197.42	197.86	585.67
561	what	wellましょう	0	198.56	198.71	587.75
562	with	wayじゃあ.	0	198.71	198.91	589.93
563	that	that!	0	198.91	199.13	592.56
564	and		0	199.13	199.22	593.12
565	a		0	199.22	199.25	593.79
566	really	really	1	199.25	199.72	594.38
567	good	good.	0	199.72	199.89	596.61
568	interpreter	interpretive-	0	199.89	200.39	599.07
569	we		0	200.39	200.54	599.65
570	took	i look	0	200.54	200.80	601.83
571	with	with	1	200.80	200.99	604.00
572	us	le emotics with the university which lex nice and that feeling each of you everyone makes a very helpful content round your and you guys and what he's always	0	200.99	201.22	607.82
573	i	bye.	0	201.59	201.73	608.39
574	made	me	0	201.73	201.90	610.56
575	out	out.	0	201.90	202.05	612.69
576	quite	快	0	202.05	202.30	613.25
577	a		0	202.30	202.33	613.82
578	few	thank you.	0	202.33	202.58	614.55
579	legends	legends.	0	202.58	203.06	615.22
580	and		0	203.06	203.12	615.82
581	folk	little focused	0	203.12	203.44	618.08
582	myths	meds.	0	203.44	203.84	620.23
583	of		0	203.84	203.92	620.81
584	these	please.	0	203.92	204.09	621.38
585	scattered	scattered.	0	204.09	204.54	621.94
586	tribes	tribes.	0	204.54	205.11	622.52
587	and	and...	0	205.64	205.76	623.13
588	as	as you	0	205.76	205.95	625.16
589	we	bye.	0	205.95	206.04	627.43
590	got	and headóc.	0	206.04	206.24	630.07
591	farther	farther.	0	206.24	206.60	630.68
592	and	thanks for watching guys!	0	206.60	206.72	633.07
593	farther	far,dam.	0	206.72	207.01	635.63
594	upstream	upstream.	0	207.01	207.76	636.27
595	in	and...	0	207.91	208.02	636.99
596	a		0	208.02	208.07	637.67
597	dark	dark.	0	208.07	208.36	638.39
598	tangle	tangle.	0	208.36	208.70	639.06
599	of		0	208.70	208.80	639.66
600	rivers	rivers.	0	208.80	209.32	640.27
601	lakes	likes.	0	209.32	209.65	640.86
602	morasses	marassas.	0	209.65	210.34	641.50
603	and		0	210.34	210.45	642.08
604	dense	intense.	0	210.45	210.74	644.20
605	forests	poached forest.	0	210.74	211.40	646.29
606	with	with.	0	211.75	211.92	646.86
607	here	here.	0	211.92	212.15	647.47
608	and		0	212.15	212.28	648.09
609	there	there.	0	212.28	212.49	648.68
610	an		0	212.49	212.57	649.37
611	unexpected	unexpected.	0	212.57	213.14	651.46
612	long	long.	0	213.14	213.42	652.04
613	spur	as a	0	213.42	213.67	654.06
614	running		0	213.67	214.18	654.65
615	out	out.	0	214.18	214.37	655.23
616	from	up	0	214.37	214.56	657.27
617	the		0	214.56	214.63	657.84
618	big		0	214.63	214.82	658.40
619	mountains	mountains.	0	214.82	215.26	658.98
620	beyond	beyond.	0	215.26	215.79	659.57
621	i	bye.	0	216.49	216.66	660.25
622	noticed	i know the sun吸	0	216.66	217.05	662.34
623	that		0	217.05	217.15	662.92
624	more	more.	0	217.15	217.39	663.50
625	and	are you sure?	0	217.39	217.47	665.74
626	more	more.	0	217.47	217.70	666.33
627	of	.	0	217.70	217.77	666.99
628	these	this.	0	217.77	218.05	667.58
629	savages	groom	0	218.05	218.48	670.12
630	had	sorry.	0	218.48	218.63	672.39
631	a		0	218.63	218.66	673.00
632	story	story.	0	218.66	219.26	673.73
633	about	about.	0	219.73	219.97	676.09
634	a	ok...	0	219.97	220.01	678.33
635	strange	strange.	0	220.01	220.61	678.94
636	and		0	220.61	220.71	679.59
637	terrible	terrible.	0	220.71	221.22	680.21
638	woman	woman.	0	221.22	221.58	680.83
639	land	land.	0	221.58	221.99	681.46
640	in		0	221.99	222.10	682.07
641	the	shot	0	222.10	222.16	684.25
642	high	thank you.	0	222.16	222.44	686.46
643	distance	distance.	0	222.44	223.02	687.02
644	up	why does the	0	223.74	223.92	689.09
645	yonder	yonder.	0	223.92	224.57	689.70
646	over	oh.	0	225.03	225.20	690.66
647	there	good!	0	225.20	225.35	693.01
648	way	ah...	0	225.35	225.64	695.33
649	up		0	225.64	225.79	695.92
650	was	then we do that. do you need to look the next way? and let dad decide about the way he works on me one day. let all the computers run through your units and you step into both your wells. why are you saying this is starting? dad stays in trouble that i just made them run. why you hurt, dad? half of your work all running into your dreams.	0	225.79	225.96	699.70
651	all		0	225.96	226.02	700.35
652	the	for that.	0	226.02	226.46	702.66
653	direction	was all the direction.	0	226.59	227.54	703.33
654	they	...and i can say.	0	227.54	227.64	705.80
655	could	good.	0	227.64	227.77	707.96
656	offer	offer.	0	227.77	228.22	708.65
657	but	bye.	0	228.93	229.06	709.24
658	their	there.	0	229.06	229.20	709.84
659	legends	elections.	0	229.20	229.63	710.44
660	all	alter cao cao cao cao, this is cho cao cao to senior	0	229.63	229.85	712.75
661	agreed	oh, no great.	0	229.85	230.18	715.03
662	on		0	230.18	230.30	715.68
663	the		0	230.30	230.40	716.38
664	main		0	230.40	230.66	717.08
665	point	point.	0	230.66	231.09	717.81
666	that	that was	0	231.77	231.94	720.15
667	there	there.	0	231.94	232.11	720.74
668	was	was	1	232.11	232.32	722.96
669	this	this.	0	232.32	232.48	723.55
670	strange	strange.	0	232.48	233.30	724.18
671	country	country.	0	233.30	233.83	724.77
672	where		0	233.83	234.05	725.39
673	no	and no.	0	234.05	234.38	725.98
674	men		0	234.38	234.99	726.56
675	lived	lived.	0	234.99	235.44	727.16
676	only	only	1	236.09	236.38	727.74
677	women	women.	0	236.38	236.87	728.36
678	and	and	1	237.38	237.55	728.96
679	girl	girls	0	237.55	237.83	731.11
680	children	children.	0	237.83	238.43	731.73
681	none	that's it!	0	239.55	239.73	732.82
682	of	lv	0	239.73	239.84	735.44
683	them	them.	0	239.84	239.98	736.05
684	had	it.	0	239.98	240.21	738.24
685	ever	ever.	0	240.24	240.50	738.81
686	seen	seen.	0	240.50	240.85	740.94
687	it	9th probably failed! 13th carne 13thgame3	0	240.85	241.00	743.29
688	it	oops.	0	241.17	241.28	745.38
689	was	with	0	241.28	241.44	745.94
690	dangerous	dangerous.	0	241.44	242.02	746.55
691	deadly	deadly.	0	242.02	242.57	747.16
692	they		0	242.57	242.71	747.77
693	said	said.	0	242.71	243.06	748.40
694	for		0	243.06	243.21	748.99
695	any	or anything.	0	243.21	243.48	751.15
696	man	men.	0	243.48	243.85	753.29
697	to	everything.	0	243.88	243.94	755.49
698	go		0	243.94	244.18	756.06
699	there	there.	0	244.18	244.50	756.65
700	but	tournaments,	0	245.35	245.47	758.93
701	there	t	0	245.47	245.61	761.04
702	were		0	245.61	245.73	761.63
703	tales	tails	0	245.73	246.27	763.81
704	of		0	246.27	246.40	764.54
705	long	long.	0	246.40	246.71	765.10
706	ago	same.	0	246.71	247.26	767.20
707	when	when	1	247.72	247.89	767.76
708	some	some	1	247.89	248.21	769.80
709	brave	brave.	0	248.21	248.58	770.37
710	investigator	investigator.	0	248.58	249.29	770.94
711	had	ahead.	0	249.29	249.46	773.08
712	seen	seen.	0	249.46	249.72	773.76
713	it		0	249.72	249.91	774.45
714	a	a	1	250.34	250.40	776.54
715	big		0	250.40	250.72	777.09
716	country	country.	0	250.72	251.26	777.69
717	big	take.	0	251.73	251.93	778.29
718	houses	houses.	0	251.93	252.54	778.87
719	plenty	plenty.	0	252.97	253.30	779.44
720	people	people.	0	253.30	253.73	780.04
721	all	all	1	254.30	254.72	782.11
722	women	women.	0	254.72	255.18	782.71
723	had	head.	0	256.96	257.15	784.75
724	no	no.	0	257.15	257.36	785.33
725	one	friend,	0	257.36	257.54	787.38
726	else	else!	0	257.54	257.78	789.51
727	gone	god.	0	257.78	258.18	790.09
728	yes	oh yes.	0	258.78	259.19	790.69
729	a		0	259.19	259.24	791.27
730	good	good.	0	259.24	259.45	791.96
731	many	many.	0	259.45	259.90	792.54
732	but	bye.	0	260.38	260.50	793.10
733	they	today.	0	260.50	260.63	795.28
734	never	never	1	260.63	260.98	797.37
735	came	came.	0	260.98	261.39	797.97
736	back	back.	0	261.39	261.84	798.56
737	it	cud	0	262.46	262.60	800.83
738	was	with	0	262.60	262.78	801.49
739	no	no.	0	262.78	263.17	802.07
740	place	please.	0	263.17	263.57	802.64
741	for		0	263.57	263.71	803.24
742	men	amen.	0	263.71	264.12	803.84
743	of	okay.	0	264.62	264.79	804.46
744	that	youocalyptic era let's do this and fix it.	0	264.79	264.97	806.75
745	they		0	264.97	265.08	807.32
746	seemed	very simple.	0	265.08	265.39	809.39
747	sure	sure.	0	265.39	265.81	809.96
748	i	bye.	0	267.00	267.20	810.65
749	told	lifesets tale.	0	267.20	267.41	812.94
750	the		0	267.41	267.47	813.61
751	boys		0	267.47	267.79	814.15
752	about	doorway	0	267.79	268.01	816.36
753	these	please.	0	268.01	268.19	816.92
754	stories	stories.	0	268.19	268.59	817.49
755	and		0	268.59	268.68	818.10
756	they		0	268.68	268.80	818.69
757	laughed	left.	0	268.80	269.18	819.26
758	at		0	269.18	269.27	819.83
759	them	them.	0	269.27	269.52	820.40
760	naturally	naturally.	0	270.11	270.51	820.97
761	i	fire fry	0	270.51	270.58	823.55
762	did	did.	0	270.58	270.76	824.17
763	myself	myself.	0	270.76	271.30	824.74
764	i	bye.	0	271.83	271.96	825.34
765	knew		0	271.96	272.09	825.94
766	the		0	272.09	272.17	826.51
767	stuff	stuff.	0	272.17	272.50	827.09
768	that		0	272.50	272.57	827.67
769	savage	savage.	0	272.57	272.98	828.23
770	dreams	dreams.	0	272.98	273.32	828.81
771	are		0	273.32	273.36	829.38
772	made	made.	0	273.36	273.60	829.94
773	of		0	273.60	273.83	830.50
774	but	bye.	0	274.88	275.06	831.07
775	when	when?	0	275.06	275.33	831.66
776	we	it was dry but the material was pretty clear. 6. mal, kill... small repair time... 2 branches to complete 1 and a half or maybe 10 µrs – 5. 1 x frame time ... 2. 3. 18x eyeliner, 2 1 v plus 2 1ron, 3 ρ… 1. 3, 2, 3 v plus 2, 3 v… 2. 3 p9, 6 d… 3. we enter the dismayer, 7 blot. 3. and the 3 odd wires shouldn't go from 1. 4x one step to 1. 3. 2. here... 12th point, we just need the cycle. 7. yes, ok. we just need a 3x brush total.clear. lt could have y perfume.	0	275.33	275.43	837.89
777	had	thank you.	0	275.43	275.67	840.09
778	reached	reached.	0	275.67	275.92	840.68
779	our		0	275.92	276.01	841.27
780	farthest	farthest.	0	276.01	276.52	841.90
781	point	point.	0	276.52	276.95	842.49
782	just	just...	0	277.32	277.55	843.07
783	the		0	277.55	277.62	843.65
784	day		0	277.62	277.74	844.33
785	before	,	0	277.74	278.00	846.37
786	we	until you see it.	0	278.00	278.14	848.95
787	all		0	278.14	278.27	849.50
788	had	head.	0	278.27	278.52	850.08
789	to		0	278.52	278.55	850.73
790	turn	turn	1	278.55	278.76	851.29
791	around	around.	0	278.76	279.08	851.88
792	and		0	279.08	279.16	852.47
793	start	start.	0	279.16	279.44	853.15
794	for		0	279.44	279.55	853.78
795	home	a	0	279.55	279.79	856.00
796	again	again.	0	279.79	280.21	856.67
797	as	as	1	280.54	280.70	857.23
798	the	buttonoll	0	280.70	280.77	860.83
799	best	best.	0	280.77	281.09	861.40
800	of		0	281.09	281.18	861.93
801	expeditions	expeditions.	0	281.18	281.83	862.54
802	must	must.	0	281.83	282.13	863.12
803	in		0	282.13	282.26	863.68
804	time	time.	0	282.26	282.69	864.25
805	we	weep.	0	283.22	283.44	864.83
806	three		0	283.44	283.76	865.41
807	made	made.	0	283.76	284.05	865.99
808	a		0	284.05	284.10	866.57
809	discovery	discovery.	0	284.10	284.80	867.16
810	the	.	0	286.04	286.11	869.24
811	main		0	286.11	286.33	869.79
812	encampment	campmen.	0	286.33	286.88	872.15
813	was	razor	0	286.88	287.03	874.39
814	on	.....................	0	287.03	287.12	876.59
815	a		0	287.12	287.15	877.14
816	spit		0	287.15	287.44	877.71
817	of	thank you.	0	287.44	287.55	878.32
818	land	language.	0	287.55	287.84	880.58
819	running	running a	0	287.84	288.15	882.04
820	out	anything料.	0	288.15	288.29	884.27
821	into	and	0	288.29	288.47	884.94
822	the	thanks so much for watching<|en|>	0	288.47	288.54	887.25
823	main		0	288.54	288.79	887.80
824	stream	stream.	0	288.79	289.28	888.48
825	or		0	289.61	289.75	889.09
826	what		0	289.75	289.94	889.69
827	we	we'll need you today why do you do this? i'm sorry i co conferred as tall as a	0	289.94	290.05	892.32
828	thought	first breath.	0	290.05	290.55	894.36
829	was	was	1	290.83	291.05	894.90
830	the	anyway, kids...	0	291.05	291.13	896.93
831	main		0	291.13	291.43	897.49
832	stream	stream.	0	291.43	292.03	898.10
833	it	then at 8.00sec breaths	0	292.69	292.82	900.65
834	had	the feliz!	0	292.82	293.00	902.77
835	the	..	0	293.00	293.06	904.77
836	same	same.	0	293.06	293.41	905.36
837	muddy	marie.	0	293.41	293.62	905.92
838	color	color.	0	293.62	293.93	906.51
839	we	chirauille.	0	293.93	294.04	908.86
840	had		0	294.04	294.13	909.45
841	been		0	294.13	294.26	910.03
842	seeing	same.	0	294.26	294.59	910.62
843	for		0	294.59	294.78	911.18
844	weeks	weeks.	0	295.11	295.50	911.75
845	past	i was happy to spend a very particular planner today.	0	295.95	296.11	914.19
846	the		0	296.11	296.18	914.72
847	same		0	296.18	296.29	915.31
848	taste	tastes	0	296.29	296.85	917.44
849	i	this now is restricted to negative side effects because it doesn't work at all as sort of a or two	0	297.67	297.75	920.26
850	happened	happen.	0	297.75	298.09	922.33
851	to		0	298.09	298.12	922.89
852	speak	speak.	0	298.12	298.40	923.44
853	of		0	298.40	298.49	923.97
854	that	that.	0	298.49	298.65	926.26
855	river	we verbations.	0	298.65	298.86	928.54
856	to	to our written destiny.	0	298.86	299.07	931.14
857	our		0	299.07	299.11	931.71
858	last	last.	0	299.11	299.48	933.75
859	guide	god.	0	299.48	299.81	934.36
860	a	f black	0	299.81	299.88	936.39
861	rather	rather.... that that that that	0	299.88	300.11	938.71
862	superior	superior.	0	300.11	300.64	939.37
863	fellow	1960s cast on the	0	300.64	300.96	941.56
864	with	pleasure.	0	300.96	301.13	943.58
865	quick	quick.	0	301.13	301.35	944.16
866	bright	bright....	0	301.35	301.76	946.33
867	eyes	vecesyy yyyyeey saint обязy?	0	301.76	302.19	948.56
868	he	hi.	0	302.90	303.11	950.59
869	told	total.	0	303.11	303.48	952.68
870	me	meet me.	0	303.48	303.71	954.91
871	that		0	303.71	303.83	955.46
872	there	there.	0	303.83	303.98	956.02
873	was	was	1	303.98	304.19	956.57
874	another	another.	0	304.19	304.46	957.14
875	river	remember. cat? well, i'll let you in you. come forward.	0	304.46	304.90	959.57
876	over	oh, really?	0	305.23	305.49	960.18
877	there	there.	0	305.49	305.91	960.75
878	short	short	1	306.12	306.57	962.83
879	river	paper.	0	306.57	306.92	964.87
880	sweet	sweet.	0	307.11	307.59	965.46
881	water	water.	0	307.59	308.07	966.04
882	red	red.	0	308.43	308.75	966.64
883	and	end.	0	308.75	309.00	967.22
884	blue	below.	0	309.00	309.48	967.81
885	i	bye.	0	310.81	310.97	968.39
886	was	movie and love.	0	310.97	311.15	970.50
887	interested	interested.	0	311.15	311.61	972.56
888	in		0	311.61	311.73	973.09
889	this	this.	0	311.73	312.02	973.65
890	and		0	312.02	312.10	974.28
891	anxious	anxious.	0	312.10	312.62	974.85
892	to		0	312.62	312.65	975.39
893	see		0	312.65	312.85	976.10
894	if	anyway,	0	312.85	312.99	978.96
895	i	music	0	312.99	313.07	981.21
896	had		0	313.07	313.17	981.78
897	understood	understood correct.	0	313.17	313.98	982.38
898	so	so	1	314.85	315.01	982.95
899	i	more many	0	315.01	315.10	985.08
900	showed		0	315.10	315.36	985.65
901	him		0	315.36	315.55	986.23
902	a		0	315.55	315.58	986.80
903	red	you	0	315.58	315.84	988.91
904	and	thank you.	0	315.84	315.95	990.97
905	blue	existed convictions.	0	315.95	316.11	993.18
906	pencil	pencil.	0	316.11	316.50	993.79
907	i	remember like to make a stick	0	316.50	316.61	995.90
908	carried	carried.	0	316.61	316.96	996.48
909	and		0	316.96	317.06	997.03
910	asked	ask.	0	317.06	317.37	999.12
911	again	again.	0	317.37	317.81	999.70
912	yes	yes.	0	318.25	318.85	1000.27
913	he	heat up油.	0	318.89	319.04	1002.43
914	pointed	pointed.	0	319.04	319.42	1003.01
915	to		0	319.42	319.45	1003.65
916	the	it.	0	319.45	319.54	1005.64
917	river	we are fighting.	0	319.54	319.90	1007.72
918	and	and...	0	320.32	320.47	1008.32
919	then	and then...	0	320.47	320.62	1008.90
920	to		0	320.66	320.70	1009.45
921	the	he depends st	0	320.70	320.79	1011.51
922	southwestward	southwest word.	0	320.79	321.60	1012.10
923	river	river.	0	321.93	322.49	1012.66
924	good	good.	0	322.63	322.79	1013.22
925	water		0	322.79	323.10	1013.85
926	red	bed.	0	323.10	323.42	1014.50
927	and		0	323.42	323.72	1015.11
928	blue	blue.	0	323.72	324.11	1015.73
929	terry	terry.	0	325.91	326.16	1016.35
930	was	sorry.	0	326.16	326.32	1018.74
931	close	close.	0	326.32	326.58	1019.38
932	by	bye.	0	326.58	327.01	1020.07
933	and	and	1	327.04	327.16	1020.63
934	interested	interested.	0	327.16	327.67	1022.84
935	in	issues.	0	327.67	327.76	1024.86
936	the		0	327.76	327.82	1025.53
937	fellow	available.	0	327.82	328.09	1027.56
938	s	.	0	328.09	328.20	1028.12
939	pointing	pointing.	0	328.20	328.68	1028.66
940	what	well.	0	329.46	329.56	1030.71
941	does	soek and	0	329.56	329.64	1032.83
942	he		0	329.64	329.73	1033.41
943	say	safe. view of time. view of marcelo suque book.	0	329.73	329.97	1036.16
944	van	you span?	0	329.97	330.37	1038.22
945	i	thank you.	0	331.07	331.14	1038.81
946	told	...tul..	0	331.14	331.41	1040.89
947	him		0	331.41	331.75	1041.55
948	terry	terry.	0	332.39	332.66	1042.10
949	blazed	pleased	0	332.66	333.07	1044.17
950	up	the good episode changed ...	0	333.07	333.21	1046.44
951	at		0	333.21	333.29	1047.01
952	once	once.	0	333.29	333.60	1047.59
953	ask	as	0	333.67	333.91	1048.14
954	him		0	333.91	334.02	1048.74
955	how		0	334.02	334.10	1049.34
956	far	adas ar locks ra	0	334.10	334.37	1051.49
957	it		0	334.37	334.51	1052.21
958	is		0	334.51	334.78	1052.90
959	the	th uh uh	0	335.66	335.72	1055.72
960	man	amen.	0	335.72	335.95	1056.39
961	indicated	indicated.	0	335.95	336.53	1057.22
962	a		0	336.53	336.56	1058.00
963	short	short.	0	336.56	336.94	1058.77
964	journey	journey.	0	336.94	337.44	1059.55
965	i	bye.	0	337.57	337.68	1060.35
966	judged	which is a judgement...	0	337.68	338.06	1063.14
967	about	more about.	0	338.06	338.55	1065.51
968	two	2.	0	338.55	338.82	1066.32
969	hours	hours.	0	338.82	339.38	1066.98
970	maybe	maybe.	0	340.08	340.38	1067.67
971	three		0	340.38	340.81	1068.26
972	let	let's go.	0	341.96	342.09	1068.90
973	s	thanks enormous casha.	0	342.09	342.19	1071.16
974	go	go!	0	342.19	342.51	1071.90
975	urged	by dmit century.	0	342.51	342.74	1074.87
976	terry	terry.	0	342.74	343.02	1075.52
977	just	just	1	343.02	343.33	1076.20
978	us	yes.	0	343.33	343.49	1076.83
979	three	3.	0	343.49	343.83	1078.21
980	maybe	maybe...	0	343.83	344.06	1080.65
981	we	and	0	344.06	344.16	1083.05
982	can		0	344.16	344.29	1083.65
983	really	really.	0	344.29	344.52	1085.73
984	find	fine.	0	344.52	344.96	1086.30
985	something	something.	0	344.96	345.40	1086.91
986	may	may be free.	0	345.43	345.55	1089.18
987	be	even more coherent videos.	0	345.55	345.63	1091.87
988	cinnabar	sinobarth.	0	345.63	346.24	1092.69
989	in		0	346.24	346.30	1093.56
990	it	good night.	0	346.30	346.47	1096.24
991	may	may 1 the	0	347.24	347.40	1098.55
992	be		0	347.40	347.54	1099.18
993	indigo	& to go.	0	347.54	348.11	1101.83
994	jeff	see ya.	0	348.42	348.63	1102.43
995	suggested	suggested.	0	348.63	349.21	1103.02
996	with	with	1	349.21	349.37	1105.05
997	his	his.	0	349.37	349.53	1105.64
998	lazy	lazy.	0	349.53	349.90	1106.25
999	smile	smile.	0	349.90	350.48	1106.80
1000	it	you	0	351.35	351.47	1107.36
1001	was	what's f***!!!	0	351.47	351.63	1109.50
1002	early	early.	0	351.63	351.98	1111.58
1003	yet	yet.	0	351.98	352.33	1112.17
1004	we	weproductxy,	0	352.33	352.47	1114.27
1005	had		0	352.47	352.56	1114.83
1006	just	bye.	0	352.56	352.94	1115.40
1007	breakfasted	breakfasted.	0	352.94	353.61	1116.02
1008	and	and	1	353.97	354.13	1116.60
1009	leaving	길itar cumin	0	354.13	354.45	1118.79
1010	word	horn.	0	354.45	354.85	1121.15
1011	that		0	354.85	354.94	1121.78
1012	we	what will be a	0	354.94	355.04	1123.91
1013	d		0	355.04	355.10	1124.46
1014	be		0	355.10	355.22	1125.00
1015	back	i'll stay back.	0	355.22	355.50	1127.21
1016	before	before.	0	355.50	355.78	1127.78
1017	night	night.	0	355.78	356.09	1130.19
1018	we	wait.	0	356.09	356.23	1130.79
1019	got	god.	0	356.23	356.42	1131.38
1020	away	federal way.	0	356.42	356.67	1133.53
1021	quietly	quietly.	0	356.70	357.35	1134.13
1022	not	now.	0	357.68	357.86	1134.74
1023	wishing	wishing people to be happy with their ideas.	0	357.86	358.18	1137.44
1024	to		0	358.18	358.21	1138.04
1025	be	. . . . . . . . . . . . . . . . . . . . ? . .	0	358.21	358.30	1142.46
1026	thought		0	358.30	358.60	1143.05
1027	too	2.	0	358.60	358.84	1143.63
1028	gullible	gullible.	0	358.84	359.26	1144.25
1029	if		0	359.26	359.35	1144.79
1030	we	wait.	0	359.35	359.45	1145.36
1031	failed	failed.	0	359.45	359.93	1145.91
1032	and	so	0	360.26	360.35	1147.98
1033	secretly	secretly......	0	360.35	360.77	1150.09
1034	hoping	hoping to.	0	360.77	361.18	1152.22
1035	to		0	361.18	361.21	1152.76
1036	have	have super	0	361.21	361.40	1154.80
1037	some	get some news!	0	361.40	361.63	1156.96
1038	nice	nice.	0	361.63	361.89	1157.83
1039	little	little bit.	0	361.89	362.06	1159.11
1040	discovery	to discover you.	0	362.06	362.63	1159.73
1041	all	ill..	0	362.63	362.82	1162.02
1042	to		0	362.88	362.95	1163.00
1043	ourselves	ourselves.	0	362.95	363.61	1163.79
1044	it	it will.	0	364.63	364.89	1164.97
1045	was	was.	0	364.89	365.24	1165.64
1046	a		0	365.24	365.28	1166.38
1047	long	along.	0	365.28	365.96	1167.01
1048	two	2.	0	365.96	366.31	1167.63
1049	hours	hours.	0	366.31	366.80	1168.29
1050	nearer	nearer.	0	366.80	367.14	1168.96
1051	three	three.	0	367.14	367.68	1169.55
1052	i	for to learn.	0	368.20	368.30	1171.76
1053	fancy		0	368.30	368.65	1172.36
1054	the	you	0	368.65	368.71	1174.79
1055	savage	connect the service level.	0	368.71	369.13	1177.32
1056	could	thank you.	0	369.13	369.26	1178.52
1057	have		0	369.26	369.32	1179.11
1058	done	done.	0	369.32	369.50	1179.75
1059	it		0	369.50	369.59	1180.36
1060	alone	alone.	0	369.59	369.88	1180.98
1061	much	much.	0	369.88	370.10	1181.66
1062	quicker	quicker.	0	370.10	370.44	1183.91
1063	there	there	1	371.39	371.55	1185.04
1064	was	there are no other examples from xd xd xd exd qi window	0	371.55	371.72	1187.80
1065	a		0	371.72	371.77	1188.45
1066	desperate	desperate.	0	371.77	372.22	1189.02
1067	tangle		0	372.22	372.57	1189.69
1068	of		0	372.57	372.66	1190.38
1069	wood	word.	0	372.66	372.95	1191.12
1070	and		0	372.95	373.10	1191.75
1071	water	water.	0	373.10	373.46	1192.38
1072	and	fred!	0	373.46	373.57	1194.90
1073	a		0	373.57	373.61	1195.53
1074	swampy	swampy.	0	373.61	374.10	1196.21
1075	patch	hatch.	0	374.10	374.42	1196.85
1076	we	to----	0	374.42	374.56	1199.01
1077	never	never	1	374.56	374.92	1199.58
1078	should	associated with history roofs.	0	374.92	375.15	1201.83
1079	have		0	375.15	375.22	1202.45
1080	found	found.	0	375.22	375.49	1203.06
1081	our		0	375.49	375.56	1203.64
1082	way	rick city	0	375.56	375.78	1205.78
1083	across	cross.	0	375.78	376.16	1206.39
1084	alone	alone.	0	376.16	376.62	1207.10
1085	but	bye.	0	377.15	377.28	1207.69
1086	there		0	377.28	377.38	1208.43
1087	was		0	377.38	377.55	1210.67
1088	one	one.	0	377.55	377.93	1211.28
1089	and	ahead.	0	378.12	378.24	1213.88
1090	i	lh.	0	378.24	378.34	1216.29
1091	could	thank you.	0	378.34	378.49	1216.92
1092	see		0	378.49	378.63	1217.56
1093	terry	it's in a nano.	0	378.63	378.96	1220.03
1094	with	with.	0	378.96	379.12	1222.26
1095	compass	compass.	0	379.12	379.47	1222.89
1096	and	thanks for watching!	0	379.47	379.57	1225.21
1097	notebook	in a book.	0	379.57	380.00	1225.88
1098	marking	marking.	0	380.61	380.97	1226.52
1099	directions	directions.	0	380.97	381.63	1227.19
1100	and	and...	0	381.84	381.94	1227.88
1101	trying	trying to.	0	381.94	382.34	1228.53
1102	to		0	382.34	382.37	1229.12
1103	place	please.	0	382.37	382.69	1229.75
1104	landmarks	landmarks.	0	382.69	383.32	1230.50
1105	we	wait.	0	385.26	385.36	1231.14
1106	came	him releasing ear	0	385.36	385.62	1233.52
1107	after	after.	0	385.62	385.90	1234.13
1108	a		0	385.90	385.96	1234.85
1109	while	wild.	0	385.96	386.37	1235.51
1110	to		0	386.42	386.50	1236.16
1111	a		0	386.50	386.54	1236.72
1112	sort	so	0	386.54	386.81	1237.99
1113	of		0	386.81	386.89	1238.62
1114	marshy	marchi.	0	386.89	387.30	1239.29
1115	lake	link.	0	387.30	387.73	1239.92
1116	very	very	1	387.73	388.03	1240.51
1117	big	big.	0	388.03	388.44	1241.23
1118	so	so	1	388.78	388.91	1241.84
1119	that	visit nanocni coloured.ed	0	388.91	389.07	1244.30
1120	the		0	389.07	389.13	1245.02
1121	circling	circling.	0	389.13	389.59	1245.75
1122	forest	force.	0	389.59	390.02	1246.45
1123	looked		0	390.02	390.20	1247.19
1124	quite	quite	1	390.20	390.58	1249.38
1125	low	hello?	0	390.58	390.92	1251.59
1126	and	and	1	390.92	391.03	1252.15
1127	dim	dim metroid這裡. that's it and see at you all thru the world! that's � any.. you..	0	391.03	391.22	1255.81
1128	across	across.	0	391.22	391.66	1256.41
1129	it	with her.	0	391.66	391.89	1258.88
1130	our	łatire onuen	0	392.35	392.51	1261.21
1131	guide	guide.	0	392.51	392.86	1261.88
1132	told		0	392.86	393.10	1262.54
1133	us		0	393.10	393.30	1263.16
1134	that		0	393.30	393.38	1263.81
1135	boats	but...	0	393.38	393.74	1264.43
1136	could	thank you.	0	393.74	393.91	1266.78
1137	go		0	393.91	394.07	1267.53
1138	from	like,имо says not, riwing are a big piece of data that has a low sound consumption of the word of anti-psychotic craziness about each other. but, like, like that it's the end of this sentence as true.	0	394.07	394.29	1271.04
1139	there	there.	0	394.29	394.48	1271.64
1140	to		0	394.53	394.63	1272.25
1141	our		0	394.63	394.70	1272.92
1142	camp		0	394.70	395.11	1275.16
1143	but	but	1	395.50	395.80	1275.76
1144	long	long.	0	396.25	396.62	1276.35
1145	way	way.	0	396.62	396.97	1278.62
1146	all	all	1	397.42	397.68	1279.21
1147	day	day.	0	397.68	398.14	1279.83
1148	this	this.	0	399.59	399.83	1280.44
1149	water	water.	0	399.83	400.04	1281.06
1150	was	where this disney video is going to be this high welcome what you f //	0	400.04	400.23	1283.67
1151	somewhat	someone.	0	400.23	400.64	1284.28
1152	clearer	clear.	0	400.64	401.06	1285.01
1153	than	then.	0	401.06	401.27	1285.60
1154	that		0	401.27	401.37	1286.25
1155	we	wait...	0	401.37	401.50	1288.54
1156	had		0	401.50	401.65	1289.28
1157	left	left.	0	401.65	402.06	1289.91
1158	but		0	402.06	402.17	1290.58
1159	we	okay.	0	402.17	402.25	1292.84
1160	could	for the track.	0	402.25	402.40	1295.22
1161	not	not.	0	402.40	402.74	1295.79
1162	judge	bye, chadjut.	0	402.74	403.09	1298.13
1163	well	as well.	0	403.09	403.40	1298.79
1164	from	from	1	403.40	403.63	1299.37
1165	the		0	403.63	403.69	1299.92
1166	margin	margin.	0	403.69	404.27	1300.52
1167	we	we-	0	404.73	404.83	1302.76
1168	skirted	disagreed.	0	404.83	405.23	1304.97
1169	it	it.	0	405.23	405.36	1305.55
1170	for		0	405.36	405.48	1306.16
1171	another	another	1	405.48	405.72	1306.70
1172	half	her head.	0	405.72	406.02	1308.74
1173	hour	that's pretty low today, dinosaur.	0	406.02	406.20	1310.92
1174	or	or kirill.	0	406.20	406.37	1313.28
1175	so	so	1	406.37	406.74	1313.84
1176	the	good goodbye.	0	407.14	407.21	1316.03
1177	ground	ground.	0	407.21	407.51	1316.61
1178	growing	growing.	0	407.51	407.79	1318.80
1179	firmer	firmware...	0	407.79	408.21	1321.26
1180	as	please..	0	408.21	408.34	1323.49
1181	we	sweet	0	408.34	408.48	1326.53
1182	advanced	advanced.	0	408.48	409.06	1327.15
1183	and	and	1	409.48	409.58	1329.01
1184	presently	presently.	0	409.58	410.08	1329.61
1185	we	with me and	0	410.08	410.23	1331.81
1186	turned	turn.	0	410.23	410.52	1332.43
1187	the		0	410.52	410.58	1332.98
1188	corner	corner.	0	410.58	410.93	1333.56
1189	of		0	410.93	411.02	1334.13
1190	a		0	411.02	411.06	1334.74
1191	wooded	what did	0	411.06	411.38	1335.32
1192	promontory	preventory.	0	411.38	412.04	1336.28
1193	and	and	1	412.04	412.17	1336.82
1194	saw	so	0	412.17	412.46	1337.37
1195	a	you!	0	412.46	412.58	1339.76
1196	quite	quite.	0	412.58	412.99	1340.34
1197	different	different.	0	412.99	413.46	1340.98
1198	country	country.	0	413.46	413.99	1341.59
1199	a	.	0	414.44	414.51	1342.23
1200	sudden	under	0	414.51	415.02	1344.46
1201	view	i know what you have but no matter what, devils, did you do symptoms? once that comes, when you visit through your door, you must know that with all the hidden stuff, the greatest quality isра and the vanguard11.	0	415.02	415.34	1347.59
1202	of	thank you.	0	415.34	415.44	1348.19
1203	mountains	about this.	0	415.44	415.93	1348.78
1204	steep	steep.	0	415.93	416.32	1349.38
1205	and	and	1	416.32	416.51	1350.45
1206	bare	bear.	0	416.51	416.99	1351.08
1207	one	tired.	0	417.76	417.89	1353.40
1208	of		0	417.89	417.95	1353.98
1209	those	this.	0	417.95	418.14	1356.26
1210	long	leuk	0	418.14	418.48	1358.29
1211	easterly	it's truly...	0	418.48	418.88	1360.48
1212	spurs	spurs.	0	418.88	419.55	1361.11
1213	terry	terry.	0	419.55	419.81	1361.72
1214	said		0	419.81	419.99	1362.34
1215	appraisingly	decreasingly.蹬蹬	0	419.99	420.60	1364.65
1216	may	see you.	0	421.08	421.23	1366.88
1217	be		0	421.23	421.30	1367.44
1218	hundreds		0	421.30	421.64	1368.07
1219	of		0	421.64	421.70	1368.62
1220	miles	miles.	0	421.70	422.07	1369.28
1221	from	thanks for watching!	0	422.07	422.25	1371.54
1222	the		0	422.25	422.33	1372.14
1223	range	range.	0	422.33	422.84	1372.75
1224	they	like	0	422.99	423.12	1374.96
1225	crop	crop.	0	423.12	423.44	1375.53
1226	out	chat	0	423.44	423.65	1382.05
1227	like	like.	0	423.65	423.89	1382.64
1228	that	then the note beyond.	0	423.89	424.08	1384.91
1229	suddenly	suddenly.	0	425.12	425.64	1385.49
1230	we	with�	0	425.64	425.77	1387.71
1231	left	loved you	0	425.77	425.99	1389.94
1232	the	the	1	425.99	426.09	1390.54
1233	lake	ewink. yeah, that's the one. i thought i just don't want to talk about this.	0	426.09	426.49	1393.24
1234	and	you	0	426.76	426.87	1395.36
1235	struck	drum.	0	426.87	427.16	1397.44
1236	directly	directly.	0	427.16	427.60	1398.01
1237	toward	towards...	0	427.60	427.89	1398.90
1238	the		0	427.89	427.98	1399.49
1239	cliffs	cliffs.	0	427.98	428.46	1400.05
1240	we	we...	0	428.99	429.15	1400.62
1241	heard	hurt in	0	429.15	429.43	1402.75
1242	running	running.	0	429.43	429.71	1403.35
1243	water	water.	0	429.71	429.93	1403.91
1244	before	the first.	0	429.93	430.24	1406.24
1245	we	thanks for watchinance!	0	430.24	430.33	1408.82
1246	reached	reached.	0	430.33	430.65	1409.52
1247	it		0	430.65	430.86	1410.12
1248	and	and...	0	431.10	431.21	1410.73
1249	the	and	0	431.21	431.29	1412.84
1250	guide	guide..	0	431.29	431.58	1414.97
1251	pointed	pointed.	0	431.58	431.97	1415.53
1252	proudly	proudly.	0	431.97	432.41	1416.20
1253	to	excellent	0	432.47	432.53	1418.88
1254	his	his metallurgy having left	0	432.53	432.72	1421.24
1255	river	river.	0	432.72	433.11	1421.88
1256	it	yep.	0	434.25	434.38	1422.57
1257	was	with	0	434.38	434.48	1424.73
1258	short	short.	0	434.48	434.89	1425.34
1259	we	wait...	0	435.46	435.56	1427.92
1260	could		0	435.56	435.70	1428.52
1261	see		0	435.70	435.94	1429.16
1262	where	where?	0	435.94	436.21	1429.79
1263	it		0	436.21	436.29	1430.39
1264	poured	por red,	0	436.29	436.60	1432.66
1265	down	down.	0	436.60	436.82	1433.25
1266	a		0	436.82	436.87	1433.86
1267	narrow	friends.	0	436.87	437.26	1436.14
1268	vertical	vertical.	0	437.26	437.63	1436.72
1269	cataract	cataract.	0	437.63	438.33	1437.40
1270	from	from	1	438.37	438.58	1439.66
1271	an	well.	0	438.58	438.71	1441.91
1272	opening	opening.	0	438.71	439.08	1442.56
1273	in		0	439.08	439.16	1443.25
1274	the	watch us now fix any links.	0	439.16	439.22	1445.66
1275	face	phase.	0	439.22	439.51	1447.94
1276	of		0	439.51	439.57	1448.51
1277	the	this thing.	0	439.57	439.63	1450.91
1278	cliff	cliffs.	0	439.63	440.03	1451.52
1279	it	a	0	440.65	440.79	1453.77
1280	was	with	0	440.79	440.92	1454.32
1281	sweet	sweet.	0	440.92	441.26	1456.39
1282	water	water.	0	441.26	441.69	1456.93
1283	the	the	1	442.51	442.62	1457.50
1284	guide	guide.	0	442.62	442.93	1459.72
1285	drank	drink.	0	442.93	443.27	1460.29
1286	eagerly	equally.	0	443.27	443.74	1460.87
1287	and	and...	0	444.05	444.15	1461.42
1288	so	so	1	444.15	444.34	1461.97
1289	did	.	0	444.34	444.48	1462.58
1290	we	doing.	0	444.48	444.90	1464.61
1291	that	bye.	0	445.42	445.55	1465.21
1292	s	that was sc!	0	445.55	445.66	1467.40
1293	snow	nope.	0	445.66	446.07	1467.99
1294	water	drills.	0	446.07	446.46	1470.41
1295	terry	terry.	0	446.49	446.77	1471.03
1296	announced	announced.	0	446.77	447.25	1471.70
1297	must	wrong.	0	447.51	447.70	1474.07
1298	come	come on!	0	447.70	447.91	1474.71
1299	from	so you'd�解2	0	447.91	448.15	1477.21
1300	way	treatment.	0	448.15	448.32	1479.57
1301	back	back.	0	448.32	448.60	1480.16
1302	in		0	448.60	448.68	1480.77
1303	the	otherwise it snuklen	0	448.68	448.74	1483.23
1304	hills	hills.	0	448.74	449.26	1483.87
1305	but	that's it.	0	450.26	450.40	1484.50
1306	as	has to	0	450.40	450.68	1486.63
1307	to		0	450.68	450.71	1487.25
1308	being		0	450.71	451.02	1487.86
1309	red	れて	0	451.02	451.18	1490.03
1310	and	inconvenient.	0	451.18	451.31	1492.59
1311	blue	blue.	0	451.31	451.69	1493.27
1312	it	it.	0	451.69	451.88	1493.89
1313	was	was.	0	451.88	452.22	1494.52
1314	greenish	greenish.	0	452.53	453.06	1495.12
1315	in	.	0	453.09	453.26	1497.40
1316	tint	intent.	0	453.26	453.64	1499.70
1317	the	i	0	454.31	454.40	1501.76
1318	guide	a guide.	0	454.40	454.69	1504.28
1319	seemed	same.	0	454.69	454.95	1504.91
1320	not	not.	0	454.95	455.28	1505.53
1321	at		0	455.28	455.40	1506.12
1322	all	volter	0	455.40	455.60	1508.41
1323	surprised	the surprise.	0	455.60	456.24	1510.62
1324	he	okay.	0	456.24	456.34	1512.76
1325	hunted	he hennn't	0	456.34	456.62	1515.12
1326	about	about.	0	456.62	456.86	1517.37
1327	a		0	456.86	456.89	1517.92
1328	little	so soon, but letäôs set lb2 up. for more titled privilege of creating the dft story. what is the title of this cd? will i have the title?	0	456.89	457.20	1520.98
1329	and	slopes.	0	457.20	457.28	1523.04
1330	showed	share	0	457.28	457.54	1523.64
1331	us	thisас.	0	457.54	457.67	1525.91
1332	a		0	457.67	457.70	1526.55
1333	quiet	quiet.	0	457.70	458.11	1527.14
1334	marginal	marginal	1	458.11	458.57	1527.79
1335	pool	wow.	0	458.57	458.90	1530.08
1336	where	it is absolutely s messagran, thicker than the other parts. well. hasn't been observed at such a time when your wishes have come with you.	0	458.90	459.10	1532.94
1337	there	you children.	0	459.10	459.22	1535.14
1338	were	let's go.	0	459.22	459.34	1537.64
1339	smears	smears	1	459.34	459.82	1538.29
1340	of	sometimes ...	0	459.82	459.93	1540.70
1341	red	red.	0	459.93	460.14	1543.14
1342	along	along.	0	460.14	460.40	1543.86
1343	the		0	460.40	460.46	1544.51
1344	border	border.	0	460.46	460.91	1545.13
1345	yes	yes.	0	461.31	461.70	1545.73
1346	and	and	1	462.12	462.39	1546.32
1347	of	ja lam.	0	462.39	462.64	1548.63
1348	blue	xia may have been seen through the world like that....	0	462.64	463.01	1551.11
1349	terry	terry.	0	464.00	464.25	1551.73
1350	got		0	464.25	464.42	1552.45
1351	out		0	464.42	464.55	1553.14
1352	his	his.	0	464.55	464.71	1553.80
1353	magnifying	magnifying	1	464.71	465.28	1554.47
1354	glass	glass.	0	465.28	465.61	1555.08
1355	and		0	465.61	465.67	1555.66
1356	squatted		0	465.67	466.08	1556.29
1357	down	down.	0	466.08	466.43	1556.93
1358	to		0	466.43	466.46	1557.56
1359	investigate	investigate.	0	466.46	467.15	1558.27
1360	chemicals	chemicals!	0	467.83	468.30	1559.26
1361	of		0	468.30	468.36	1560.01
1362	some	some.	0	468.36	468.59	1560.67
1363	sort	sword.	0	468.59	468.93	1563.06
1364	i	bye.	0	468.93	469.13	1563.72
1365	ca		0	469.42	469.49	1564.40
1366	nt		0	469.49	469.70	1565.07
1367	tell	tell	1	469.70	470.04	1565.69
1368	on	on	1	470.04	470.17	1568.24
1369	the		0	470.17	470.23	1568.95
1370	spot	spot.	0	470.23	470.72	1569.72
1371	look	but...	0	471.25	471.48	1570.44
1372	to		0	471.48	471.51	1571.07
1373	me		0	471.51	471.63	1571.70
1374	like		0	471.63	471.88	1572.33
1375	dyestuffs	dice?	0	472.18	472.69	1573.16
1376	let	ah	0	472.69	472.83	1575.41
1377	s	buffs.	0	472.83	473.12	1577.63
1378	get	sound sexy.	0	473.53	473.71	1579.89
1379	nearer	nearer.	0	473.71	474.07	1580.59
1380	he	here.	0	474.07	474.31	1581.25
1381	urged	first conductor,	0	474.31	474.62	1583.40
1382	up	.	0	474.62	474.76	1584.00
1383	there	there.	0	474.76	474.96	1584.60
1384	by	bye.	0	474.96	475.11	1585.19
1385	the		0	475.11	475.17	1585.87
1386	fall	fall.	0	475.17	475.65	1586.48
1387	we	wait	0	477.53	477.64	1589.04
1388	scrambled	pleasepos grandmother godd innovation	0	477.64	478.11	1591.38
1389	along	long.	0	478.11	478.33	1591.96
1390	the	posefully.	0	478.33	478.39	1594.08
1391	steep		0	478.39	478.69	1594.71
1392	banks	banks.	0	478.69	479.04	1595.30
1393	and		0	479.04	479.12	1595.97
1394	got		0	479.12	479.29	1596.64
1395	close	close.	0	479.29	479.58	1597.26
1396	to		0	479.58	479.61	1597.89
1397	the		0	479.61	479.78	1598.53
1398	pool	pulled.	0	479.78	480.18	1599.12
1399	that		0	480.18	480.33	1599.71
1400	foamed	found.	0	480.33	480.72	1600.39
1401	and		0	480.72	480.85	1600.97
1402	boiled	boy on.	0	480.85	481.28	1601.63
1403	beneath		0	481.28	481.54	1602.24
1404	the		0	481.54	481.61	1602.82
1405	falling	falling...	0	481.61	482.01	1604.95
1406	water	water.	0	482.01	482.41	1605.53
1407	here	here	1	483.03	483.22	1607.69
1408	we	please!	0	483.22	483.32	1610.01
1409	searched	search.	0	483.32	483.67	1610.60
1410	the		0	483.67	483.75	1612.69
1411	border	border.	0	483.75	484.06	1613.28
1412	and	.	0	484.06	484.16	1615.58
1413	found	found.	0	484.16	484.44	1616.17
1414	traces	traces.	0	484.44	484.84	1616.91
1415	of		0	484.84	484.91	1617.47
1416	color	color	1	484.91	485.22	1619.72
1417	beyond	beyond.	0	485.22	485.56	1622.27
1418	dispute	dispute.	0	485.56	486.06	1622.89
1419	more	more.	0	486.61	487.06	1623.51
1420	jeff	jeff.	0	487.48	487.76	1624.11
1421	suddenly	suddenly.	0	487.76	488.23	1624.75
1422	held	help.	0	488.23	488.49	1626.91
1423	up	up.	0	488.49	488.74	1627.56
1424	an	iblical an... technical idea.	0	488.74	488.83	1629.96
1425	unlookedfor	and unliked for it.	0	488.83	489.59	1630.63
1426	trophy	trophy.	0	489.59	489.97	1631.23
1427	it		0	489.97	490.10	1631.83
1428	was	it was...	0	490.96	491.16	1632.49
1429	only		0	491.16	491.42	1633.08
1430	a		0	491.42	491.47	1633.70
1431	rag	you your red.	0	491.47	491.96	1635.86
1432	a	такая relax.	0	492.46	492.54	1638.13
1433	long	along.	0	492.54	492.97	1638.69
1434	raveled	ravled.	0	492.97	493.36	1639.30
1435	fragment	fragment.	0	493.36	493.87	1639.90
1436	of	.	0	493.87	493.98	1640.48
1437	cloth	quad.	0	493.98	494.39	1642.57
1438	but	but...	0	494.91	495.06	1643.27
1439	it		0	495.06	495.13	1643.95
1440	was	it was...	0	495.13	495.30	1645.17
1441	a		0	495.30	495.33	1645.73
1442	wellwoven	well, woven.	0	495.33	496.09	1646.37
1443	fabric	fabric.	0	496.09	496.55	1646.97
1444	with	with	1	496.84	496.99	1647.53
1445	a		0	496.99	497.03	1648.16
1446	pattern	pattern.	0	497.03	497.55	1648.81
1447	and	and	1	497.69	497.81	1649.39
1448	of		0	497.81	497.90	1649.98
1449	a		0	497.90	497.94	1650.54
1450	clear	clear.	0	497.94	498.26	1651.13
1451	scarlet	scarlet.	0	498.26	498.84	1651.73
1452	that		0	498.84	498.90	1652.27
1453	the	the	1	498.90	498.98	1654.41
1454	water	water.	0	498.98	499.27	1654.99
1455	had	head.	0	499.27	499.48	1657.08
1456	not	not.	0	499.48	499.77	1657.74
1457	faded	fade in.	0	499.77	500.27	1658.36
1458	no	no.	0	500.76	501.04	1659.04
1459	savage	savage.	0	501.04	501.60	1659.62
1460	tribe	tribe.	0	501.60	501.98	1660.34
1461	that		0	501.98	502.08	1660.94
1462	we	weep.	0	502.08	502.26	1661.52
1463	had	it.	0	502.26	502.40	1663.65
1464	heard	hurt.	0	502.40	502.71	1664.31
1465	of	okay.	0	502.71	502.91	1664.95
1466	made	had made.	0	502.91	503.29	1665.59
1467	such	such.	0	503.29	503.61	1666.30
1468	fabrics	fabrics.	0	503.61	504.18	1666.96
1469	the	thank you.	0	505.04	505.12	1667.59
1470	guide	guys.	0	505.12	505.37	1669.81
1471	stood		0	505.37	505.58	1670.39
1472	serenely	screamsرionally.	0	505.58	506.19	1672.90
1473	on		0	506.19	506.30	1673.52
1474	the		0	506.30	506.37	1674.10
1475	bank	bank.	0	506.37	506.70	1674.76
1476	well	well...	0	506.70	506.90	1675.37
1477	pleased	please.	0	506.90	507.25	1675.97
1478	with	with!! you	0	507.25	507.37	1678.33
1479	our		0	507.37	507.40	1678.93
1480	excitement	excitement.	0	507.40	508.05	1679.52
1481	one	one.	0	508.88	509.21	1680.22
1482	day	mail.co.uk	0	509.21	509.40	1682.80
1483	blue	blue	1	509.40	509.97	1684.64
1484	one	onein	0	510.06	510.27	1686.83
1485	day	themarey	0	510.27	510.45	1688.99
1486	red	red!	0	510.45	511.01	1691.16
1487	one	one	1	511.01	511.25	1691.73
1488	day	thanks.	0	511.25	511.42	1693.82
1489	green	green.	0	511.42	511.82	1694.40
1490	he		0	511.82	511.96	1695.00
1491	told	it talks...	0	511.96	512.23	1697.17
1492	us		0	512.23	512.47	1697.79
1493	and	and...	0	512.80	512.93	1698.43
1494	pulled	pulled.	0	512.93	513.18	1700.97
1495	from		0	513.18	513.34	1701.59
1496	his	thank you.	0	513.34	513.50	1703.80
1497	pouch	pouch.	0	513.50	513.92	1704.41
1498	another	another	1	513.99	514.35	1704.99
1499	strip	strip.	0	514.35	514.78	1705.64
1500	of	a	0	514.86	514.99	1707.50
1501	brighthued	bright-hute.	0	514.99	515.62	1708.15
1502	cloth	..clamp up ...	0	515.62	515.98	1710.35
1503	come	come.	0	516.96	517.19	1710.98
1504	down	down.	0	517.19	517.67	1711.55
1505	he	it. if inning f re	0	517.84	517.97	1713.80
1506	said		0	517.97	518.21	1714.43
1507	pointing	pointing.	0	518.21	518.60	1715.03
1508	to		0	518.63	518.68	1715.60
1509	the	.	0	518.68	518.76	1717.63
1510	cataract	the cataract.	0	518.76	519.34	1718.96
1511	woman	woman.	0	519.88	520.24	1719.54
1512	country	country.	0	520.24	520.75	1720.17
1513	up	that's it.	0	521.12	521.30	1722.40
1514	there	there.	0	521.30	521.85	1722.95
1515	then	then.	0	523.70	524.20	1723.57
1516	we	weigh.	0	524.43	524.68	1725.76
1517	were	and west halloween!	0	524.68	524.88	1727.96
1518	interested	interested.	0	524.88	525.57	1728.57
1519	we	wee.	0	526.06	526.30	1729.16
1520	had	i have the video, i am messing on youtube.	0	526.30	526.50	1731.50
1521	our		0	526.50	526.66	1732.12
1522	rest	rest.	0	526.66	527.15	1732.66
1523	and	are	0	527.15	527.43	1734.79
1524	lunch	lunch.	0	527.43	527.73	1735.38
1525	right	great.	0	527.73	527.88	1735.96
1526	there	there.	0	527.91	528.33	1736.60
1527	and	and...	0	528.66	528.81	1737.31
1528	pumped	pumped.	0	528.81	529.13	1737.93
1529	the	you	0	529.13	529.21	1740.04
1530	man	and adventising the	0	529.21	529.48	1742.23
1531	for		0	529.48	529.61	1742.95
1532	further	further.	0	529.61	529.93	1743.53
1533	information	information.	0	529.93	530.67	1744.21
1534	he	feet	0	531.22	531.35	1746.46
1535	could	good?	0	531.35	531.49	1748.62
1536	tell		0	531.49	531.67	1749.20
1537	us	.	0	531.67	531.80	1749.77
1538	only	only	1	531.80	532.03	1750.34
1539	what		0	532.03	532.19	1750.94
1540	the		0	532.19	532.36	1751.53
1541	others	ok.	0	532.36	532.58	1753.71
1542	had	tad.	0	532.58	532.96	1754.31
1543	a		0	533.14	533.20	1754.91
1544	land	です again today	0	533.20	533.49	1757.35
1545	of	thank you.	0	533.49	533.58	1759.92
1546	women	women.	0	533.58	533.99	1760.51
1547	no	no.	0	534.30	534.50	1761.10
1548	men		0	534.50	534.93	1761.71
1549	babies	babies!	0	535.31	535.77	1762.83
1550	but		0	535.77	535.99	1763.37
1551	all	oh	0	535.99	536.16	1764.64
1552	girls	girls.	0	536.16	536.78	1765.32
1553	no	no.	0	537.23	537.42	1765.92
1554	place	please.	0	537.42	537.74	1766.58
1555	for		0	537.74	537.88	1767.33
1556	men	amen.	0	537.88	538.18	1767.92
1557	dangerous	dangerous.	0	538.18	538.94	1768.51
1558	some	some...	0	539.25	539.54	1769.18
1559	had	ahead.	0	539.54	539.77	1771.33
1560	gone	iszeni k understood.	0	539.77	540.01	1773.44
1561	to	if you	0	540.04	540.10	1775.52
1562	see	see.	0	540.10	540.56	1777.73
1563	none	none.	0	540.89	541.48	1778.27
1564	had	head.	0	541.67	541.91	1778.85
1565	come	come.	0	541.91	542.15	1779.71
1566	back	back.	0	542.15	542.54	1780.34
1567	i	i...	0	543.55	543.77	1780.90
1568	could	could anybody hear?	0	543.77	544.00	1783.13
1569	see		0	544.00	544.26	1783.76
1570	terry	terry.	0	544.26	544.61	1784.33
1571	s	hey james?	0	544.61	544.71	1786.48
1572	jaw	john.	0	544.71	545.10	1788.76
1573	set	a yoostat	0	545.10	545.38	1790.84
1574	at	okay	0	545.38	545.55	1793.14
1575	that	that.	0	545.55	545.84	1793.79
1576	no	nope.	0	546.23	546.37	1794.44
1577	place	please.	0	546.37	546.70	1795.17
1578	for		0	546.70	546.87	1795.70
1579	men	amen.	0	546.87	547.27	1796.35
1580	dangerous	dangerous	1	547.27	548.22	1797.06
1581	he	clea	0	548.70	548.85	1799.40
1582	looked	that btw.	0	548.85	549.05	1801.75
1583	as		0	549.05	549.17	1802.33
1584	if		0	549.17	549.25	1802.94
1585	he	okay	0	549.25	549.34	1804.99
1586	might	mig.	0	549.34	549.53	1807.04
1587	shin		0	549.53	549.78	1807.61
1588	up	ofторов.	0	549.78	549.92	1812.81
1589	the	of	0	549.92	549.98	1815.55
1590	waterfall	water bottle.	0	549.98	550.51	1818.12
1591	on		0	550.51	550.61	1818.75
1592	the		0	550.61	550.69	1819.40
1593	spot	spot.	0	550.69	551.20	1820.02
1594	but	but...	0	551.72	551.85	1820.64
1595	the	hello, little	0	551.85	551.93	1822.83
1596	guide	guide.	0	551.93	552.24	1823.41
1597	would	would it?	0	552.24	552.39	1825.74
1598	not	not.	0	552.39	552.63	1827.05
1599	hear	here.	0	552.63	552.99	1827.78
1600	of	you know, you did not have such an exception.	0	552.99	553.22	1830.20
1601	going	going up.	0	553.22	553.58	1830.87
1602	up	add.	0	553.58	553.71	1833.16
1603	even	even	1	553.74	554.05	1833.72
1604	if	makes a loose right …	0	554.05	554.17	1835.90
1605	there	there.	0	554.17	554.31	1836.49
1606	had	awesome, sony will never death ever.	0	554.31	554.63	1838.75
1607	been		0	554.63	554.77	1839.37
1608	any		0	554.77	554.96	1839.97
1609	possible	possible.	0	554.96	555.47	1840.52
1610	method	method.	0	555.47	555.77	1841.11
1611	of		0	555.77	555.84	1841.72
1612	scaling	scaling.	0	555.84	556.36	1842.33
1613	that	date week	0	556.36	556.49	1844.61
1614	sheer	yes shit.	0	556.49	556.76	1846.86
1615	cliff	clip.	0	556.76	557.17	1848.97
1616	and	and...	0	557.77	557.92	1849.53
1617	we	we	1	557.92	558.03	1850.08
1618	had	head.	0	558.03	558.29	1850.74
1619	to		0	558.29	558.32	1851.33
1620	get	reg	0	558.32	558.49	1853.52
1621	back	back.	0	558.49	558.79	1854.19
1622	to		0	558.79	558.84	1854.79
1623	our		0	558.84	558.93	1855.38
1624	party	party.	0	558.93	559.23	1855.98
1625	before	before.	0	559.23	559.54	1856.55
1626	night	night.	0	559.54	559.95	1857.13
1627	they	thanks.	0	561.96	562.05	1859.48
1628	might	mic.	0	562.05	562.31	1861.65
1629	stay	state.	0	562.31	562.55	1862.32
1630	if		0	562.55	562.67	1862.93
1631	we	in-dem结al	0	562.67	562.77	1864.96
1632	told	told them to.	0	562.77	563.33	1865.56
1633	them	distribution too.	0	563.33	563.67	1867.65
1634	i	bye.	0	563.71	563.81	1868.36
1635	suggested	suggest in.	0	563.81	564.51	1868.93
1636	but	five minutes b.	0	565.14	565.28	1871.05
1637	terry	terry.	0	565.28	565.50	1871.58
1638	stopped	stopped.	0	565.50	565.86	1872.25
1639	in		0	565.86	565.92	1872.80
1640	his		0	565.92	566.06	1873.52
1641	tracks	tracks.	0	566.06	566.50	1874.08
1642	look	let's go.	0	566.86	567.07	1874.70
1643	here	here.	0	567.07	567.24	1875.26
1644	fellows	did you know that i was apocalypse?	0	567.24	567.59	1877.40
1645	he		0	567.59	567.71	1878.00
1646	said	seventes	0	567.71	568.02	1880.42
1647	this	this.	0	568.22	568.47	1881.00
1648	is	.	0	568.47	568.62	1884.09
1649	our	hour.	0	568.62	568.96	1884.73
1650	find	find.	0	568.96	569.45	1885.46
1651	let	let's go.	0	569.70	569.87	1886.31
1652	s		0	569.87	569.95	1887.05
1653	not	looks like a	0	569.95	570.14	1889.26
1654	tell	until	0	570.14	570.34	1891.47
1655	those	哦o oh surviving	0	570.34	570.52	1894.36
1656	cocky	kaki.	0	570.52	570.89	1897.58
1657	old		0	570.89	571.04	1898.27
1658	professors	professors.	0	571.04	571.58	1898.93
1659	let	let's go.	0	571.58	571.71	1899.79
1660	s		0	571.71	571.82	1900.47
1661	go	go!	0	571.82	572.09	1901.11
1662	on	on.	0	572.09	572.26	1901.76
1663	home	home.	0	572.26	572.61	1904.12
1664	with	with u	0	572.61	572.78	1906.56
1665	em		0	572.78	572.92	1907.19
1666	and		0	572.92	573.01	1907.91
1667	then		0	573.01	573.17	1908.51
1668	come	come.	0	573.17	573.44	1909.13
1669	back	back.	0	573.44	573.74	1909.75
1670	just	just	1	573.74	574.13	1910.31
1671	us	us.	0	574.13	574.56	1910.96
1672	have	that's the day.	0	574.93	575.02	1913.19
1673	a	,	0	575.02	575.14	1915.98
1674	little	他直接放出弄ide	0	575.14	575.53	1922.74
1675	expedition	expedition.	0	575.53	576.12	1923.42
1676	of		0	576.12	576.21	1924.01
1677	our		0	576.21	576.28	1924.70
1678	own	around.	0	576.28	576.79	1926.92
