word,mfa_start_time,mfa_end_time,gentle_start_time,gentle_end_time
CHAPTER,0.39,0.68,,
1,0.68,1.03,,
A,1.58,1.66,,
Not,1.66,1.99,,
Unnatural,1.99,2.77,,
Enterprise,2.77,3.58,,
This,5.04,5.27,,
is,5.27,5.37,,
written,5.37,5.72,,
from,5.72,6.0,,
memory,6.0,6.49,,
unfortunately,6.64,7.54,,
If,8.09,8.22,,
I,8.22,8.3,,
could,8.3,8.47,,
have,8.47,8.54,,
brought,8.54,8.84,,
with,8.84,9.02,,
me,9.02,9.15,,
the,9.15,9.22,,
material,9.22,9.77,,
I,9.77,9.86,,
so,9.86,10.05,,
carefully,10.05,10.57,,
prepared,10.57,11.09,,
this,11.09,11.27,,
would,11.27,11.35,,
be,11.35,11.48,,
a,11.48,11.51,,
very,11.51,11.83,,
different,11.83,12.24,,
story,12.24,12.86,,
Whole,13.42,13.65,,
books,13.65,14.11,,
full,14.11,14.33,,
of,14.33,14.46,,
notes,14.46,14.95,,
carefully,15.13,15.59,,
copied,15.59,16.03,,
records,16.03,16.66,,
firsthand,16.66,17.34,,
descriptions,17.34,18.14,,
and,18.14,18.33,,
the,18.33,18.4,,
pictures,18.4,19.13,,
that,20.19,20.3,,
’s,20.3,20.39,,
the,20.39,20.47,,
worst,20.47,20.78,,
loss,20.78,21.2,,
We,22.04,22.27,,
had,22.27,22.52,,
some,22.52,22.74,,
bird,22.74,22.95,,
eyes,23.07,23.38,,
of,23.38,23.47,,
the,23.47,23.57,,
cities,23.57,24.0,,
and,24.0,24.14,,
parks,24.14,24.6,,
a,25.14,25.21,,
lot,25.21,25.48,,
of,25.48,25.56,,
lovely,25.56,26.04,,
views,26.04,26.43,,
of,26.43,26.51,,
streets,26.51,27.3,,
of,27.43,27.5,,
buildings,27.6,28.24,,
outside,28.24,28.81,,
and,28.81,28.94,,
in,28.94,29.26,,
and,29.26,29.44,,
some,29.44,29.72,,
of,29.72,29.83,,
those,29.83,30.15,,
gorgeous,30.23,30.72,,
gardens,30.72,31.28,,
and,32.05,32.21,,
most,32.21,32.5,,
important,32.5,32.91,,
of,32.91,33.0,,
all,33.0,33.35,,
of,34.07,34.17,,
the,34.17,34.26,,
women,34.26,34.53,,
themselves,34.53,35.19,,
Nobody,36.47,36.97,,
will,36.97,37.28,,
ever,37.28,37.52,,
believe,37.52,37.93,,
how,37.93,38.13,,
they,38.13,38.28,,
looked,38.28,38.67,,
Descriptions,38.76,39.35,,
are,39.35,39.38,,
n’t,39.38,39.56,,
any,39.62,39.85,,
good,39.85,40.02,,
when,40.02,40.18,,
it,40.18,40.26,,
comes,40.26,40.64,,
to,40.64,40.74,,
women,40.74,41.0,,
and,41.0,41.11,,
I,41.11,41.21,,
never,41.21,41.41,,
was,41.41,41.67,,
good,41.67,41.82,,
at,41.82,41.88,,
descriptions,41.88,42.45,,
anyhow,42.45,42.96,,
But,43.78,43.94,,
it,43.94,44.0,,
’s,44.0,44.06,,
got,44.06,44.27,,
to,44.27,44.3,,
be,44.3,44.42,,
done,44.42,44.62,,
somehow,44.62,45.11,,
the,45.34,45.45,,
rest,45.45,45.76,,
of,45.76,45.84,,
the,45.84,45.91,,
world,45.91,46.23,,
needs,46.23,46.57,,
to,46.57,46.6,,
know,46.6,46.82,,
about,46.82,47.1,,
that,47.1,47.21,,
country,47.21,47.74,,
I,48.93,49.01,,
have,49.01,49.21,,
n’t,49.21,49.34,,
said,49.34,49.63,,
where,49.63,49.87,,
it,49.87,49.96,,
was,49.96,50.32,,
for,50.32,50.43,,
fear,50.43,50.73,,
some,50.73,51.09,,
self-appointed,51.09,51.74,,
missionaries,51.74,52.44,,
or,52.44,52.58,,
traders,52.58,53.18,,
or,53.18,53.3,,
land-greedy,53.3,53.61,,
expansionists,53.61,54.83,,
will,54.83,54.93,,
take,54.93,55.14,,
it,55.14,55.2,,
upon,55.2,55.5,,
themselves,55.5,55.94,,
to,55.94,55.98,,
push,55.98,56.28,,
in,56.28,56.63,,
They,57.57,57.75,,
will,57.75,57.97,,
not,57.97,58.27,,
be,58.27,58.48,,
wanted,58.48,59.05,,
I,59.62,59.71,,
can,59.71,59.85,,
tell,59.85,60.04,,
them,60.04,60.24,,
that,60.24,60.55,,
and,60.95,61.11,,
will,61.11,61.22,,
fare,61.22,61.53,,
worse,61.53,61.9,,
than,61.9,62.12,,
we,62.12,62.29,,
did,62.29,62.53,,
if,62.53,62.64,,
they,62.64,62.78,,
do,62.78,62.97,,
find,62.97,63.21,,
it,63.21,63.42,,
It,65.21,65.35,,
began,65.35,65.72,,
this,65.72,65.92,,
way,65.92,66.26,,
There,66.95,67.12,,
were,67.12,67.2,,
three,67.2,67.54,,
of,67.54,67.62,,
us,67.62,67.95,,
classmates,68.15,68.71,,
and,68.71,68.78,,
friends,68.78,69.28,,
Terry,70.01,70.39,,
O.,70.39,70.5,,
Nicholson,70.5,71.14,,
we,71.33,71.46,,
used,71.46,71.66,,
to,71.66,71.69,,
call,71.69,71.9,,
him,71.9,72.07,,
the,72.07,72.2,,
Old,72.2,72.38,,
Nick,72.38,72.73,,
with,72.73,72.88,,
good,72.88,73.06,,
reason,73.06,73.49,,
Jeff,74.13,74.36,,
Margrave,74.36,74.89,,
and,75.22,75.36,,
I,75.36,75.72,,
Vandyck,76.06,76.46,,
Jennings,76.46,76.96,,
We,77.96,78.11,,
had,78.11,78.21,,
known,78.21,78.42,,
each,78.42,78.58,,
other,78.58,78.7,,
years,78.7,79.12,,
and,79.12,79.21,,
years,79.21,79.58,,
and,79.58,79.65,,
in,79.65,79.73,,
spite,79.73,80.02,,
of,80.02,80.1,,
our,80.1,80.22,,
differences,80.22,80.79,,
we,80.79,80.89,,
had,80.89,81.04,,
a,81.04,81.07,,
good,81.07,81.27,,
deal,81.27,81.53,,
in,81.53,81.63,,
common,81.63,82.13,,
All,82.64,82.82,,
of,82.82,82.89,,
us,82.89,83.03,,
were,83.03,83.12,,
interested,83.12,83.54,,
in,83.54,83.65,,
science,83.65,84.15,,
Terry,85.23,85.59,,
was,85.59,85.93,,
rich,85.93,86.19,,
enough,86.19,86.4,,
to,86.43,86.52,,
do,86.52,86.69,,
as,86.69,86.87,,
he,86.87,86.98,,
pleased,86.98,87.59,,
His,87.87,88.09,,
great,88.09,88.44,,
aim,88.44,88.7,,
was,88.7,88.92,,
exploration,88.92,89.69,,
He,90.33,90.45,,
used,90.45,90.65,,
to,90.65,90.68,,
make,90.68,90.83,,
all,90.83,90.92,,
kinds,90.92,91.32,,
of,91.32,91.41,,
a,91.41,91.44,,
row,91.44,91.68,,
because,91.68,92.0,,
there,92.0,92.09,,
was,92.09,92.25,,
nothing,92.25,92.55,,
left,92.55,92.79,,
to,92.79,92.84,,
explore,92.84,93.23,,
now,93.23,93.59,,
only,93.93,94.17,,
patchwork,94.17,94.74,,
and,94.74,94.83,,
filling,94.83,95.17,,
in,95.17,95.33,,
he,95.33,95.5,,
said,95.5,95.94,,
He,96.51,96.74,,
filled,96.74,97.09,,
in,97.09,97.29,,
well,97.29,97.48,,
enough,97.48,97.92,,
he,98.62,98.72,,
had,98.72,98.88,,
a,98.88,98.92,,
lot,98.92,99.18,,
of,99.18,99.27,,
talents,99.27,99.81,,
great,100.1,100.53,,
on,100.53,100.69,,
mechanics,100.69,101.25,,
and,101.25,101.32,,
electricity,101.32,102.05,,
Had,102.56,102.68,,
all,102.68,102.81,,
kinds,102.81,103.17,,
of,103.17,103.23,,
boats,103.23,103.63,,
and,103.63,103.76,,
motorcars,103.76,104.34,,
and,104.34,104.46,,
was,104.46,104.6,,
one,104.6,104.75,,
of,104.75,104.81,,
the,104.81,104.87,,
best,104.87,105.11,,
of,105.11,105.18,,
our,105.18,105.36,,
airmen,105.36,105.86,,
We,106.83,107.1,,
never,107.33,107.83,,
could,107.94,108.04,,
have,108.04,108.1,,
done,108.1,108.31,,
the,108.31,108.38,,
thing,108.38,108.61,,
at,108.61,108.68,,
all,108.68,109.11,,
without,109.2,109.59,,
Terry,109.59,110.07,,
Jeff,112.46,112.68,,
Margrave,112.68,113.18,,
was,113.18,113.3,,
born,113.3,113.55,,
to,113.58,113.63,,
be,113.63,113.78,,
a,113.78,113.82,,
poet,113.82,114.29,,
a,114.81,114.88,,
botanist,114.88,115.58,,
or,115.58,115.71,,
both,115.71,116.12,,
but,116.12,116.3,,
his,116.3,116.5,,
folks,116.5,116.79,,
persuaded,116.79,117.31,,
him,117.31,117.45,,
to,117.5,117.55,,
be,117.55,117.69,,
a,117.69,117.72,,
doctor,117.72,118.1,,
instead,118.1,118.71,,
He,119.41,119.51,,
was,119.51,119.63,,
a,119.63,119.69,,
good,119.69,119.87,,
one,119.87,120.09,,
for,120.09,120.27,,
his,120.27,120.44,,
age,120.44,120.87,,
but,121.46,121.57,,
his,121.57,121.73,,
real,121.73,122.1,,
interest,122.1,122.69,,
was,122.69,122.84,,
in,122.84,122.97,,
what,122.97,123.09,,
he,123.09,123.22,,
loved,123.22,123.51,,
to,123.51,123.54,,
call,123.54,124.08,,
the,124.25,124.45,,
wonders,124.45,125.02,,
of,125.02,125.17,,
science,125.17,125.86,,
As,127.28,127.5,,
for,127.5,127.6,,
me,127.6,127.95,,
sociology,127.95,128.63,,
’s,128.63,128.75,,
my,128.75,128.9,,
major,128.9,129.28,,
You,129.75,129.92,,
have,129.92,130.07,,
to,130.07,130.1,,
back,130.1,130.44,,
that,130.44,130.6,,
up,130.6,130.73,,
with,130.73,130.85,,
a,130.85,130.88,,
lot,130.88,131.08,,
of,131.08,131.17,,
other,131.17,131.29,,
sciences,131.29,131.82,,
of,131.82,131.89,,
course,131.89,132.3,,
I,132.82,132.92,,
’m,132.92,133.11,,
interested,133.11,133.55,,
in,133.55,133.65,,
them,133.65,133.78,,
all,133.78,134.11,,
Terry,135.65,136.01,,
was,136.01,136.2,,
strong,136.2,136.57,,
on,136.57,136.78,,
facts,136.78,137.31,,
geography,137.55,138.36,,
and,138.36,138.48,,
meteorology,138.48,139.34,,
and,139.34,139.46,,
those,139.46,139.9,,
Jeff,140.4,140.64,,
could,140.64,140.82,,
beat,140.82,141.0,,
him,141.0,141.24,,
any,141.32,141.56,,
time,141.56,141.98,,
on,141.98,142.15,,
biology,142.15,142.92,,
and,143.83,143.94,,
I,143.94,144.07,,
did,144.07,144.19,,
n’t,144.19,144.33,,
care,144.33,144.53,,
what,144.53,144.75,,
it,144.75,144.84,,
was,144.84,145.06,,
they,145.06,145.16,,
talked,145.16,145.44,,
about,145.44,145.72,,
so,145.72,145.86,,
long,145.86,146.08,,
as,146.08,146.21,,
it,146.21,146.31,,
connected,146.31,146.69,,
with,146.69,146.83,,
human,146.83,147.12,,
life,147.12,147.34,,
somehow,147.34,147.85,,
There,148.58,148.83,,
are,148.83,148.96,,
few,148.96,149.27,,
things,149.27,149.73,,
that,149.73,149.84,,
do,149.84,149.97,,
.,149.97,150.18,,
We,151.63,151.76,,
three,151.76,151.85,,
had,151.85,151.94,,
a,151.94,151.99,,
chance,151.99,152.53,,
to,152.53,152.56,,
join,152.56,152.88,,
a,152.88,152.93,,
big,152.93,153.15,,
scientific,153.15,153.84,,
expedition,153.84,154.59,,
They,155.13,155.29,,
needed,155.29,155.58,,
a,155.58,155.61,,
doctor,155.61,156.13,,
and,156.44,156.6,,
that,156.6,156.74,,
gave,156.74,157.02,,
Jeff,157.02,157.32,,
an,157.32,157.38,,
excuse,157.38,157.78,,
for,157.78,157.93,,
dropping,157.93,158.29,,
his,158.29,158.55,,
just,158.55,158.83,,
opening,158.83,159.16,,
practice,159.16,159.74,,
they,160.33,160.43,,
needed,160.43,160.69,,
Terry,160.69,160.94,,
’s,160.94,161.04,,
experience,161.04,161.76,,
his,161.85,162.03,,
machine,162.03,162.6,,
and,162.84,163.02,,
his,163.02,163.21,,
money,163.21,163.62,,
and,164.26,164.38,,
as,164.38,164.56,,
for,164.56,164.65,,
me,164.65,164.95,,
I,165.61,165.77,,
got,165.77,165.98,,
in,165.98,166.16,,
through,166.16,166.35,,
Terry,166.35,166.62,,
’s,166.62,166.74,,
influence,166.74,167.31,,
The,169.56,169.62,,
expedition,169.62,170.39,,
was,170.39,170.54,,
up,170.54,170.73,,
among,170.73,171.04,,
the,171.04,171.11,,
thousand,171.11,171.55,,
tributaries,171.55,172.2,,
and,172.2,172.28,,
enormous,172.28,172.68,,
hinterland,172.68,173.25,,
of,173.25,173.35,,
a,173.35,173.38,,
great,173.38,173.65,,
river,173.68,174.14,,
up,174.47,174.64,,
where,174.64,175.02,,
the,175.02,175.1,,
maps,175.1,175.5,,
had,175.5,175.81,,
to,175.81,175.84,,
be,175.84,175.98,,
made,175.98,176.4,,
savage,176.7,177.27,,
dialects,177.27,177.82,,
studied,177.82,178.58,,
and,178.97,179.13,,
all,179.13,179.38,,
manner,179.38,179.77,,
of,179.77,179.85,,
strange,179.85,180.32,,
flora,180.32,180.68,,
and,180.68,180.84,,
fauna,180.84,181.2,,
expected,181.2,181.91,,
But,182.9,183.09,,
this,183.09,183.25,,
story,183.25,183.9,,
is,183.94,184.15,,
not,184.15,184.6,,
about,184.6,184.87,,
that,184.93,185.26,,
expedition,185.26,185.98,,
That,186.68,186.89,,
was,186.89,187.07,,
only,187.07,187.43,,
the,187.43,187.51,,
merest,187.51,188.14,,
starter,188.14,188.68,,
for,188.68,188.96,,
ours,188.96,189.53,,
My,191.32,191.42,,
interest,191.42,191.88,,
was,191.88,192.04,,
first,192.04,192.34,,
roused,192.34,192.65,,
by,192.65,192.77,,
talk,192.77,193.1,,
among,193.1,193.31,,
our,193.31,193.43,,
guides,193.43,193.98,,
I,194.42,194.5,,
’m,194.5,194.59,,
quick,194.59,194.83,,
at,194.83,194.9,,
languages,194.9,195.62,,
know,195.82,196.0,,
a,196.0,196.04,,
good,196.04,196.22,,
many,196.22,196.64,,
and,196.78,196.9,,
pick,196.9,197.11,,
them,197.11,197.25,,
up,197.25,197.42,,
readily,197.42,197.86,,
What,198.56,198.71,,
with,198.71,198.91,,
that,198.91,199.13,,
and,199.13,199.22,,
a,199.22,199.25,,
really,199.25,199.72,,
good,199.72,199.89,,
interpreter,199.89,200.39,,
we,200.39,200.54,,
took,200.54,200.8,,
with,200.8,200.99,,
us,200.99,201.22,,
I,201.59,201.73,,
made,201.73,201.9,,
out,201.9,202.05,,
quite,202.05,202.3,,
a,202.3,202.33,,
few,202.33,202.58,,
legends,202.58,203.06,,
and,203.06,203.12,,
folk,203.12,203.44,,
myths,203.44,203.84,,
of,203.84,203.92,,
these,203.92,204.09,,
scattered,204.09,204.54,,
tribes,204.54,205.11,,
And,205.64,205.76,,
as,205.76,205.95,,
we,205.95,206.04,,
got,206.04,206.24,,
farther,206.24,206.6,,
and,206.6,206.72,,
farther,206.72,207.01,,
upstream,207.01,207.76,,
in,207.91,208.02,,
a,208.02,208.07,,
dark,208.07,208.36,,
tangle,208.36,208.7,,
of,208.7,208.8,,
rivers,208.8,209.32,,
lakes,209.32,209.65,,
morasses,209.65,210.34,,
and,210.34,210.45,,
dense,210.45,210.74,,
forests,210.74,211.4,,
with,211.75,211.92,,
here,211.92,212.15,,
and,212.15,212.28,,
there,212.28,212.49,,
an,212.49,212.57,,
unexpected,212.57,213.14,,
long,213.14,213.42,,
spur,213.42,213.67,,
running,213.67,214.18,,
out,214.18,214.37,,
from,214.37,214.56,,
the,214.56,214.63,,
big,214.63,214.82,,
mountains,214.82,215.26,,
beyond,215.26,215.79,,
I,216.49,216.66,,
noticed,216.66,217.05,,
that,217.05,217.15,,
more,217.15,217.39,,
and,217.39,217.47,,
more,217.47,217.7,,
of,217.7,217.77,,
these,217.77,218.05,,
savages,218.05,218.48,,
had,218.48,218.63,,
a,218.63,218.66,,
story,218.66,219.26,,
about,219.73,219.97,,
a,219.97,220.01,,
strange,220.01,220.61,,
and,220.61,220.71,,
terrible,220.71,221.22,,
Woman,221.22,221.58,,
Land,221.58,221.99,,
in,221.99,222.1,,
the,222.1,222.16,,
high,222.16,222.44,,
distance,222.44,223.02,,
Up,223.74,223.92,,
yonder,223.92,224.57,,
Over,225.03,225.2,,
there,225.2,225.35,,
Way,225.35,225.64,,
up,225.64,225.79,,
was,225.79,225.96,,
all,225.96,226.02,,
the,226.02,226.46,,
direction,226.59,227.54,,
they,227.54,227.64,,
could,227.64,227.77,,
offer,227.77,228.22,,
but,228.93,229.06,,
their,229.06,229.2,,
legends,229.2,229.63,,
all,229.63,229.85,,
agreed,229.85,230.18,,
on,230.18,230.3,,
the,230.3,230.4,,
main,230.4,230.66,,
point,230.66,231.09,,
that,231.77,231.94,,
there,231.94,232.11,,
was,232.11,232.32,,
this,232.32,232.48,,
strange,232.48,233.3,,
country,233.3,233.83,,
where,233.83,234.05,,
no,234.05,234.38,,
men,234.38,234.99,,
lived,234.99,235.44,,
only,236.09,236.38,,
women,236.38,236.87,,
and,237.38,237.55,,
girl,237.55,237.83,,
children,237.83,238.43,,
,239.55,239.73,,
of,239.73,239.84,,
them,239.84,239.98,,
had,239.98,240.21,,
ever,240.24,240.5,,
seen,240.5,240.85,,
it,240.85,241.0,,
It,241.17,241.28,,
was,241.28,241.44,,
dangerous,241.44,242.02,,
deadly,242.02,242.57,,
they,242.57,242.71,,
said,242.71,243.06,,
for,243.06,243.21,,
any,243.21,243.48,,
man,243.48,243.85,,
to,243.88,243.94,,
go,243.94,244.18,,
there,244.18,244.5,,
But,245.35,245.47,,
there,245.47,245.61,,
were,245.61,245.73,,
tales,245.73,246.27,,
of,246.27,246.4,,
long,246.4,246.71,,
ago,246.71,247.26,,
when,247.72,247.89,,
some,247.89,248.21,,
brave,248.21,248.58,,
investigator,248.58,249.29,,
had,249.29,249.46,,
seen,249.46,249.72,,
it,249.72,249.91,,
a,250.34,250.4,,
Big,250.4,250.72,,
Country,250.72,251.26,,
Big,251.73,251.93,,
Houses,251.93,252.54,,
Plenty,252.97,253.3,,
People,253.3,253.73,,
All,254.3,254.72,,
Women,254.72,255.18,,
Had,256.96,257.15,,
no,257.15,257.36,,
one,257.36,257.54,,
else,257.54,257.78,,
gone,257.78,258.18,,
Yes,258.78,259.19,,
a,259.19,259.24,,
good,259.24,259.45,,
many,259.45,259.9,,
but,260.38,260.5,,
they,260.5,260.63,,
never,260.63,260.98,,
came,260.98,261.39,,
back,261.39,261.84,,
It,262.46,262.6,,
was,262.6,262.78,,
no,262.78,263.17,,
place,263.17,263.57,,
for,263.57,263.71,,
men,263.71,264.12,,
of,264.62,264.79,,
that,264.79,264.97,,
they,264.97,265.08,,
seemed,265.08,265.39,,
sure,265.39,265.81,,
I,267.0,267.2,,
told,267.2,267.41,,
the,267.41,267.47,,
boys,267.47,267.79,,
about,267.79,268.01,,
these,268.01,268.19,,
stories,268.19,268.59,,
and,268.59,268.68,,
they,268.68,268.8,,
laughed,268.8,269.18,,
at,269.18,269.27,,
them,269.27,269.52,,
Naturally,270.11,270.51,,
I,270.51,270.58,,
did,270.58,270.76,,
myself,270.76,271.3,,
I,271.83,271.96,,
knew,271.96,272.09,,
the,272.09,272.17,,
stuff,272.17,272.5,,
that,272.5,272.57,,
savage,272.57,272.98,,
dreams,272.98,273.32,,
are,273.32,273.36,,
made,273.36,273.6,,
of,273.6,273.83,,
But,274.88,275.06,,
when,275.06,275.33,,
we,275.33,275.43,,
had,275.43,275.67,,
reached,275.67,275.92,,
our,275.92,276.01,,
farthest,276.01,276.52,,
point,276.52,276.95,,
just,277.32,277.55,,
the,277.55,277.62,,
day,277.62,277.74,,
before,277.74,278.0,,
we,278.0,278.14,,
all,278.14,278.27,,
had,278.27,278.52,,
to,278.52,278.55,,
turn,278.55,278.76,,
around,278.76,279.08,,
and,279.08,279.16,,
start,279.16,279.44,,
for,279.44,279.55,,
home,279.55,279.79,,
again,279.79,280.21,,
as,280.54,280.7,,
the,280.7,280.77,,
best,280.77,281.09,,
of,281.09,281.18,,
expeditions,281.18,281.83,,
must,281.83,282.13,,
in,282.13,282.26,,
time,282.26,282.69,,
we,283.22,283.44,,
three,283.44,283.76,,
made,283.76,284.05,,
a,284.05,284.1,,
discovery,284.1,284.8,,
The,286.04,286.11,,
main,286.11,286.33,,
encampment,286.33,286.88,,
was,286.88,287.03,,
on,287.03,287.12,,
a,287.12,287.15,,
spit,287.15,287.44,,
of,287.44,287.55,,
land,287.55,287.84,,
running,287.84,288.15,,
out,288.15,288.29,,
into,288.29,288.47,,
the,288.47,288.54,,
main,288.54,288.79,,
stream,288.79,289.28,,
or,289.61,289.75,,
what,289.75,289.94,,
we,289.94,290.05,,
thought,290.05,290.55,,
was,290.83,291.05,,
the,291.05,291.13,,
main,291.13,291.43,,
stream,291.43,292.03,,
It,292.69,292.82,,
had,292.82,293.0,,
the,293.0,293.06,,
same,293.06,293.41,,
muddy,293.41,293.62,,
color,293.62,293.93,,
we,293.93,294.04,,
had,294.04,294.13,,
been,294.13,294.26,,
seeing,294.26,294.59,,
for,294.59,294.78,,
weeks,295.11,295.5,,
past,295.95,296.11,,
the,296.11,296.18,,
same,296.18,296.29,,
taste,296.29,296.85,,
I,297.67,297.75,,
happened,297.75,298.09,,
to,298.09,298.12,,
speak,298.12,298.4,,
of,298.4,298.49,,
that,298.49,298.65,,
river,298.65,298.86,,
to,298.86,299.07,,
our,299.07,299.11,,
last,299.11,299.48,,
guide,299.48,299.81,,
a,299.81,299.88,,
rather,299.88,300.11,,
superior,300.11,300.64,,
fellow,300.64,300.96,,
with,300.96,301.13,,
quick,301.13,301.35,,
bright,301.35,301.76,,
eyes,301.76,302.19,,
He,302.9,303.11,,
told,303.11,303.48,,
me,303.48,303.71,,
that,303.71,303.83,,
there,303.83,303.98,,
was,303.98,304.19,,
another,304.19,304.46,,
river,304.46,304.9,,
over,305.23,305.49,,
there,305.49,305.91,,
short,306.12,306.57,,
river,306.57,306.92,,
sweet,307.11,307.59,,
water,307.59,308.07,,
red,308.43,308.75,,
and,308.75,309.0,,
blue,309.0,309.48,,
I,310.81,310.97,,
was,310.97,311.15,,
interested,311.15,311.61,,
in,311.61,311.73,,
this,311.73,312.02,,
and,312.02,312.1,,
anxious,312.1,312.62,,
to,312.62,312.65,,
see,312.65,312.85,,
if,312.85,312.99,,
I,312.99,313.07,,
had,313.07,313.17,,
understood,313.17,313.98,,
so,314.85,315.01,,
I,315.01,315.1,,
showed,315.1,315.36,,
him,315.36,315.55,,
a,315.55,315.58,,
red,315.58,315.84,,
and,315.84,315.95,,
blue,315.95,316.11,,
pencil,316.11,316.5,,
I,316.5,316.61,,
carried,316.61,316.96,,
and,316.96,317.06,,
asked,317.06,317.37,,
again,317.37,317.81,,
Yes,318.25,318.85,,
he,318.89,319.04,,
pointed,319.04,319.42,,
to,319.42,319.45,,
the,319.45,319.54,,
river,319.54,319.9,,
and,320.32,320.47,,
then,320.47,320.62,,
to,320.66,320.7,,
the,320.7,320.79,,
southwestward,320.79,321.6,,
River,321.93,322.49,,
good,322.63,322.79,,
water,322.79,323.1,,
red,323.1,323.42,,
and,323.42,323.72,,
blue,323.72,324.11,,
Terry,325.91,326.16,,
was,326.16,326.32,,
close,326.32,326.58,,
by,326.58,327.01,,
and,327.04,327.16,,
interested,327.16,327.67,,
in,327.67,327.76,,
the,327.76,327.82,,
fellow,327.82,328.09,,
’s,328.09,328.2,,
pointing,328.2,328.68,,
What,329.46,329.56,,
does,329.56,329.64,,
he,329.64,329.73,,
say,329.73,329.97,,
Van,329.97,330.37,,
I,331.07,331.14,,
told,331.14,331.41,,
him,331.41,331.75,,
Terry,332.39,332.66,,
blazed,332.66,333.07,,
up,333.07,333.21,,
at,333.21,333.29,,
once,333.29,333.6,,
Ask,333.67,333.91,,
him,333.91,334.02,,
how,334.02,334.1,,
far,334.1,334.37,,
it,334.37,334.51,,
is,334.51,334.78,,
The,335.66,335.72,,
man,335.72,335.95,,
indicated,335.95,336.53,,
a,336.53,336.56,,
short,336.56,336.94,,
journey,336.94,337.44,,
I,337.57,337.68,,
judged,337.68,338.06,,
about,338.06,338.55,,
two,338.55,338.82,,
hours,338.82,339.38,,
maybe,340.08,340.38,,
three,340.38,340.81,,
Let,341.96,342.09,,
’s,342.09,342.19,,
go,342.19,342.51,,
urged,342.51,342.74,,
Terry,342.74,343.02,,
Just,343.02,343.33,,
us,343.33,343.49,,
three,343.49,343.83,,
Maybe,343.83,344.06,,
we,344.06,344.16,,
can,344.16,344.29,,
really,344.29,344.52,,
find,344.52,344.96,,
something,344.96,345.4,,
May,345.43,345.55,,
be,345.55,345.63,,
cinnabar,345.63,346.24,,
in,346.24,346.3,,
it,346.3,346.47,,
May,347.24,347.4,,
be,347.4,347.54,,
indigo,347.54,348.11,,
Jeff,348.42,348.63,,
suggested,348.63,349.21,,
with,349.21,349.37,,
his,349.37,349.53,,
lazy,349.53,349.9,,
smile,349.9,350.48,,
It,351.35,351.47,,
was,351.47,351.63,,
early,351.63,351.98,,
yet,351.98,352.33,,
we,352.33,352.47,,
had,352.47,352.56,,
just,352.56,352.94,,
breakfasted,352.94,353.61,,
and,353.97,354.13,,
leaving,354.13,354.45,,
word,354.45,354.85,,
that,354.85,354.94,,
we,354.94,355.04,,
’d,355.04,355.1,,
be,355.1,355.22,,
back,355.22,355.5,,
before,355.5,355.78,,
night,355.78,356.09,,
we,356.09,356.23,,
got,356.23,356.42,,
away,356.42,356.67,,
quietly,356.7,357.35,,
not,357.68,357.86,,
wishing,357.86,358.18,,
to,358.18,358.21,,
be,358.21,358.3,,
thought,358.3,358.6,,
too,358.6,358.84,,
gullible,358.84,359.26,,
if,359.26,359.35,,
we,359.35,359.45,,
failed,359.45,359.93,,
and,360.26,360.35,,
secretly,360.35,360.77,,
hoping,360.77,361.18,,
to,361.18,361.21,,
have,361.21,361.4,,
some,361.4,361.63,,
nice,361.63,361.89,,
little,361.89,362.06,,
discovery,362.06,362.63,,
all,362.63,362.82,,
to,362.88,362.95,,
ourselves,362.95,363.61,,
It,364.63,364.89,,
was,364.89,365.24,,
a,365.24,365.28,,
long,365.28,365.96,,
two,365.96,366.31,,
hours,366.31,366.8,,
nearer,366.8,367.14,,
three,367.14,367.68,,
I,368.2,368.3,,
fancy,368.3,368.65,,
the,368.65,368.71,,
savage,368.71,369.13,,
could,369.13,369.26,,
have,369.26,369.32,,
done,369.32,369.5,,
it,369.5,369.59,,
alone,369.59,369.88,,
much,369.88,370.1,,
quicker,370.1,370.44,,
There,371.39,371.55,,
was,371.55,371.72,,
a,371.72,371.77,,
desperate,371.77,372.22,,
tangle,372.22,372.57,,
of,372.57,372.66,,
wood,372.66,372.95,,
and,372.95,373.1,,
water,373.1,373.46,,
and,373.46,373.57,,
a,373.57,373.61,,
swampy,373.61,374.1,,
patch,374.1,374.42,,
we,374.42,374.56,,
never,374.56,374.92,,
should,374.92,375.15,,
have,375.15,375.22,,
found,375.22,375.49,,
our,375.49,375.56,,
way,375.56,375.78,,
across,375.78,376.16,,
alone,376.16,376.62,,
But,377.15,377.28,,
there,377.28,377.38,,
was,377.38,377.55,,
one,377.55,377.93,,
and,378.12,378.24,,
I,378.24,378.34,,
could,378.34,378.49,,
see,378.49,378.63,,
Terry,378.63,378.96,,
with,378.96,379.12,,
compass,379.12,379.47,,
and,379.47,379.57,,
notebook,379.57,380.0,,
marking,380.61,380.97,,
directions,380.97,381.63,,
and,381.84,381.94,,
trying,381.94,382.34,,
to,382.34,382.37,,
place,382.37,382.69,,
landmarks,382.69,383.32,,
We,385.26,385.36,,
came,385.36,385.62,,
after,385.62,385.9,,
a,385.9,385.96,,
while,385.96,386.37,,
to,386.42,386.5,,
a,386.5,386.54,,
sort,386.54,386.81,,
of,386.81,386.89,,
marshy,386.89,387.3,,
lake,387.3,387.73,,
very,387.73,388.03,,
big,388.03,388.44,,
so,388.78,388.91,,
that,388.91,389.07,,
the,389.07,389.13,,
circling,389.13,389.59,,
forest,389.59,390.02,,
looked,390.02,390.2,,
quite,390.2,390.58,,
low,390.58,390.92,,
and,390.92,391.03,,
dim,391.03,391.22,,
across,391.22,391.66,,
it,391.66,391.89,,
Our,392.35,392.51,,
guide,392.51,392.86,,
told,392.86,393.1,,
us,393.1,393.3,,
that,393.3,393.38,,
boats,393.38,393.74,,
could,393.74,393.91,,
go,393.91,394.07,,
from,394.07,394.29,,
there,394.29,394.48,,
to,394.53,394.63,,
our,394.63,394.7,,
camp,394.7,395.11,,
but,395.5,395.8,,
long,396.25,396.62,,
way,396.62,396.97,,
all,397.42,397.68,,
day,397.68,398.14,,
This,399.59,399.83,,
water,399.83,400.04,,
was,400.04,400.23,,
somewhat,400.23,400.64,,
clearer,400.64,401.06,,
than,401.06,401.27,,
that,401.27,401.37,,
we,401.37,401.5,,
had,401.5,401.65,,
left,401.65,402.06,,
but,402.06,402.17,,
we,402.17,402.25,,
could,402.25,402.4,,
not,402.4,402.74,,
judge,402.74,403.09,,
well,403.09,403.4,,
from,403.4,403.63,,
the,403.63,403.69,,
margin,403.69,404.27,,
We,404.73,404.83,,
skirted,404.83,405.23,,
it,405.23,405.36,,
for,405.36,405.48,,
another,405.48,405.72,,
half,405.72,406.02,,
hour,406.02,406.2,,
or,406.2,406.37,,
so,406.37,406.74,,
the,407.14,407.21,,
ground,407.21,407.51,,
growing,407.51,407.79,,
firmer,407.79,408.21,,
as,408.21,408.34,,
we,408.34,408.48,,
advanced,408.48,409.06,,
and,409.48,409.58,,
presently,409.58,410.08,,
we,410.08,410.23,,
turned,410.23,410.52,,
the,410.52,410.58,,
corner,410.58,410.93,,
of,410.93,411.02,,
a,411.02,411.06,,
wooded,411.06,411.38,,
promontory,411.38,412.04,,
and,412.04,412.17,,
saw,412.17,412.46,,
a,412.46,412.58,,
quite,412.58,412.99,,
different,412.99,413.46,,
country,413.46,413.99,,
a,414.44,414.51,,
sudden,414.51,415.02,,
view,415.02,415.34,,
of,415.34,415.44,,
mountains,415.44,415.93,,
steep,415.93,416.32,,
and,416.32,416.51,,
bare,416.51,416.99,,
One,417.76,417.89,,
of,417.89,417.95,,
those,417.95,418.14,,
long,418.14,418.48,,
easterly,418.48,418.88,,
spurs,418.88,419.55,,
Terry,419.55,419.81,,
said,419.81,419.99,,
appraisingly,419.99,420.6,,
May,421.08,421.23,,
be,421.23,421.3,,
hundreds,421.3,421.64,,
of,421.64,421.7,,
miles,421.7,422.07,,
from,422.07,422.25,,
the,422.25,422.33,,
range,422.33,422.84,,
They,422.99,423.12,,
crop,423.12,423.44,,
out,423.44,423.65,,
like,423.65,423.89,,
that,423.89,424.08,,
Suddenly,425.12,425.64,,
we,425.64,425.77,,
left,425.77,425.99,,
the,425.99,426.09,,
lake,426.09,426.49,,
and,426.76,426.87,,
struck,426.87,427.16,,
directly,427.16,427.6,,
toward,427.6,427.89,,
the,427.89,427.98,,
cliffs,427.98,428.46,,
We,428.99,429.15,,
heard,429.15,429.43,,
running,429.43,429.71,,
water,429.71,429.93,,
before,429.93,430.24,,
we,430.24,430.33,,
reached,430.33,430.65,,
it,430.65,430.86,,
and,431.1,431.21,,
the,431.21,431.29,,
guide,431.29,431.58,,
pointed,431.58,431.97,,
proudly,431.97,432.41,,
to,432.47,432.53,,
his,432.53,432.72,,
river,432.72,433.11,,
It,434.25,434.38,,
was,434.38,434.48,,
short,434.48,434.89,,
We,435.46,435.56,,
could,435.56,435.7,,
see,435.7,435.94,,
where,435.94,436.21,,
it,436.21,436.29,,
poured,436.29,436.6,,
down,436.6,436.82,,
a,436.82,436.87,,
narrow,436.87,437.26,,
vertical,437.26,437.63,,
cataract,437.63,438.33,,
from,438.37,438.58,,
an,438.58,438.71,,
opening,438.71,439.08,,
in,439.08,439.16,,
the,439.16,439.22,,
face,439.22,439.51,,
of,439.51,439.57,,
the,439.57,439.63,,
cliff,439.63,440.03,,
It,440.65,440.79,,
was,440.79,440.92,,
sweet,440.92,441.26,,
water,441.26,441.69,,
The,442.51,442.62,,
guide,442.62,442.93,,
drank,442.93,443.27,,
eagerly,443.27,443.74,,
and,444.05,444.15,,
so,444.15,444.34,,
did,444.34,444.48,,
we,444.48,444.9,,
That,445.42,445.55,,
’s,445.55,445.66,,
snow,445.66,446.07,,
water,446.07,446.46,,
Terry,446.49,446.77,,
announced,446.77,447.25,,
Must,447.51,447.7,,
come,447.7,447.91,,
from,447.91,448.15,,
way,448.15,448.32,,
back,448.32,448.6,,
in,448.6,448.68,,
the,448.68,448.74,,
hills,448.74,449.26,,
But,450.26,450.4,,
as,450.4,450.68,,
to,450.68,450.71,,
being,450.71,451.02,,
red,451.02,451.18,,
and,451.18,451.31,,
blue,451.31,451.69,,
it,451.69,451.88,,
was,451.88,452.22,,
greenish,452.53,453.06,,
in,453.09,453.26,,
tint,453.26,453.64,,
The,454.31,454.4,,
guide,454.4,454.69,,
seemed,454.69,454.95,,
not,454.95,455.28,,
at,455.28,455.4,,
all,455.4,455.6,,
surprised,455.6,456.24,,
He,456.24,456.34,,
hunted,456.34,456.62,,
about,456.62,456.86,,
a,456.86,456.89,,
little,456.89,457.2,,
and,457.2,457.28,,
showed,457.28,457.54,,
us,457.54,457.67,,
a,457.67,457.7,,
quiet,457.7,458.11,,
marginal,458.11,458.57,,
pool,458.57,458.9,,
where,458.9,459.1,,
there,459.1,459.22,,
were,459.22,459.34,,
smears,459.34,459.82,,
of,459.82,459.93,,
red,459.93,460.14,,
along,460.14,460.4,,
the,460.4,460.46,,
border,460.46,460.91,,
yes,461.31,461.7,,
and,462.12,462.39,,
of,462.39,462.64,,
blue,462.64,463.01,,
Terry,464.0,464.25,,
got,464.25,464.42,,
out,464.42,464.55,,
his,464.55,464.71,,
magnifying,464.71,465.28,,
glass,465.28,465.61,,
and,465.61,465.67,,
squatted,465.67,466.08,,
down,466.08,466.43,,
to,466.43,466.46,,
investigate,466.46,467.15,,
Chemicals,467.83,468.3,,
of,468.3,468.36,,
some,468.36,468.59,,
sort,468.59,468.93,,
I,468.93,469.13,,
ca,469.42,469.49,,
n’t,469.49,469.7,,
tell,469.7,470.04,,
on,470.04,470.17,,
the,470.17,470.23,,
spot,470.23,470.72,,
Look,471.25,471.48,,
to,471.48,471.51,,
me,471.51,471.63,,
like,471.63,471.88,,
dyestuffs,472.18,472.69,,
Let,472.69,472.83,,
’s,472.83,473.12,,
get,473.53,473.71,,
nearer,473.71,474.07,,
he,474.07,474.31,,
urged,474.31,474.62,,
up,474.62,474.76,,
there,474.76,474.96,,
by,474.96,475.11,,
the,475.11,475.17,,
fall,475.17,475.65,,
We,477.53,477.64,,
scrambled,477.64,478.11,,
along,478.11,478.33,,
the,478.33,478.39,,
steep,478.39,478.69,,
banks,478.69,479.04,,
and,479.04,479.12,,
got,479.12,479.29,,
close,479.29,479.58,,
to,479.58,479.61,,
the,479.61,479.78,,
pool,479.78,480.18,,
that,480.18,480.33,,
foamed,480.33,480.72,,
and,480.72,480.85,,
boiled,480.85,481.28,,
beneath,481.28,481.54,,
the,481.54,481.61,,
falling,481.61,482.01,,
water,482.01,482.41,,
Here,483.03,483.22,,
we,483.22,483.32,,
searched,483.32,483.67,,
the,483.67,483.75,,
border,483.75,484.06,,
and,484.06,484.16,,
found,484.16,484.44,,
traces,484.44,484.84,,
of,484.84,484.91,,
color,484.91,485.22,,
beyond,485.22,485.56,,
dispute,485.56,486.06,,
More,486.61,487.06,,
Jeff,487.48,487.76,,
suddenly,487.76,488.23,,
held,488.23,488.49,,
up,488.49,488.74,,
an,488.74,488.83,,
unlooked-for,488.83,489.59,,
trophy,489.59,489.97,,
It,489.97,490.1,,
was,490.96,491.16,,
only,491.16,491.42,,
a,491.42,491.47,,
rag,491.47,491.96,,
a,492.46,492.54,,
long,492.54,492.97,,
raveled,492.97,493.36,,
fragment,493.36,493.87,,
of,493.87,493.98,,
cloth,493.98,494.39,,
But,494.91,495.06,,
it,495.06,495.13,,
was,495.13,495.3,,
a,495.3,495.33,,
well-woven,495.33,496.09,,
fabric,496.09,496.55,,
with,496.84,496.99,,
a,496.99,497.03,,
pattern,497.03,497.55,,
and,497.69,497.81,,
of,497.81,497.9,,
a,497.9,497.94,,
clear,497.94,498.26,,
scarlet,498.26,498.84,,
that,498.84,498.9,,
the,498.9,498.98,,
water,498.98,499.27,,
had,499.27,499.48,,
not,499.48,499.77,,
faded,499.77,500.27,,
No,500.76,501.04,,
savage,501.04,501.6,,
tribe,501.6,501.98,,
that,501.98,502.08,,
we,502.08,502.26,,
had,502.26,502.4,,
heard,502.4,502.71,,
of,502.71,502.91,,
made,502.91,503.29,,
such,503.29,503.61,,
fabrics,503.61,504.18,,
The,505.04,505.12,,
guide,505.12,505.37,,
stood,505.37,505.58,,
serenely,505.58,506.19,,
on,506.19,506.3,,
the,506.3,506.37,,
bank,506.37,506.7,,
well,506.7,506.9,,
pleased,506.9,507.25,,
with,507.25,507.37,,
our,507.37,507.4,,
excitement,507.4,508.05,,
One,508.88,509.21,,
day,509.21,509.4,,
blue,509.4,509.97,,
one,510.06,510.27,,
day,510.27,510.45,,
red,510.45,511.01,,
one,511.01,511.25,,
day,511.25,511.42,,
green,511.42,511.82,,
he,511.82,511.96,,
told,511.96,512.23,,
us,512.23,512.47,,
and,512.8,512.93,,
pulled,512.93,513.18,,
from,513.18,513.34,,
his,513.34,513.5,,
pouch,513.5,513.92,,
another,513.99,514.35,,
strip,514.35,514.78,,
of,514.86,514.99,,
bright-hued,514.99,515.62,,
cloth,515.62,515.98,,
Come,516.96,517.19,,
down,517.19,517.67,,
he,517.84,517.97,,
said,517.97,518.21,,
pointing,518.21,518.6,,
to,518.63,518.68,,
the,518.68,518.76,,
cataract,518.76,519.34,,
Woman,519.88,520.24,,
Country,520.24,520.75,,
up,521.12,521.3,,
there,521.3,521.85,,
Then,523.7,524.2,,
we,524.43,524.68,,
were,524.68,524.88,,
interested,524.88,525.57,,
We,526.06,526.3,,
had,526.3,526.5,,
our,526.5,526.66,,
rest,526.66,527.15,,
and,527.15,527.43,,
lunch,527.43,527.73,,
right,527.73,527.88,,
there,527.91,528.33,,
and,528.66,528.81,,
pumped,528.81,529.13,,
the,529.13,529.21,,
man,529.21,529.48,,
for,529.48,529.61,,
further,529.61,529.93,,
information,529.93,530.67,,
He,531.22,531.35,,
could,531.35,531.49,,
tell,531.49,531.67,,
us,531.67,531.8,,
only,531.8,532.03,,
what,532.03,532.19,,
the,532.19,532.36,,
others,532.36,532.58,,
had,532.58,532.96,,
a,533.14,533.2,,
land,533.2,533.49,,
of,533.49,533.58,,
women,533.58,533.99,,
no,534.3,534.5,,
men,534.5,534.93,,
babies,535.31,535.77,,
but,535.77,535.99,,
all,535.99,536.16,,
girls,536.16,536.78,,
No,537.23,537.42,,
place,537.42,537.74,,
for,537.74,537.88,,
men,537.88,538.18,,
dangerous,538.18,538.94,,
Some,539.25,539.54,,
had,539.54,539.77,,
gone,539.77,540.01,,
to,540.04,540.1,,
see,540.1,540.56,,
none,540.89,541.48,,
had,541.67,541.91,,
come,541.91,542.15,,
back,542.15,542.54,,
I,543.55,543.77,,
could,543.77,544.0,,
see,544.0,544.26,,
Terry,544.26,544.61,,
’s,544.61,544.71,,
jaw,544.71,545.1,,
set,545.1,545.38,,
at,545.38,545.55,,
that,545.55,545.84,,
No,546.23,546.37,,
place,546.37,546.7,,
for,546.7,546.87,,
men,546.87,547.27,,
Dangerous,547.27,548.22,,
He,548.7,548.85,,
looked,548.85,549.05,,
as,549.05,549.17,,
if,549.17,549.25,,
he,549.25,549.34,,
might,549.34,549.53,,
shin,549.53,549.78,,
up,549.78,549.92,,
the,549.92,549.98,,
waterfall,549.98,550.51,,
on,550.51,550.61,,
the,550.61,550.69,,
spot,550.69,551.2,,
But,551.72,551.85,,
the,551.85,551.93,,
guide,551.93,552.24,,
would,552.24,552.39,,
not,552.39,552.63,,
hear,552.63,552.99,,
of,552.99,553.22,,
going,553.22,553.58,,
up,553.58,553.71,,
even,553.74,554.05,,
if,554.05,554.17,,
there,554.17,554.31,,
had,554.31,554.63,,
been,554.63,554.77,,
any,554.77,554.96,,
possible,554.96,555.47,,
method,555.47,555.77,,
of,555.77,555.84,,
scaling,555.84,556.36,,
that,556.36,556.49,,
sheer,556.49,556.76,,
cliff,556.76,557.17,,
and,557.77,557.92,,
we,557.92,558.03,,
had,558.03,558.29,,
to,558.29,558.32,,
get,558.32,558.49,,
back,558.49,558.79,,
to,558.79,558.84,,
our,558.84,558.93,,
party,558.93,559.23,,
before,559.23,559.54,,
night,559.54,559.95,,
They,561.96,562.05,,
might,562.05,562.31,,
stay,562.31,562.55,,
if,562.55,562.67,,
we,562.67,562.77,,
told,562.77,563.33,,
them,563.33,563.67,,
I,563.71,563.81,,
suggested,563.81,564.51,,
But,565.14,565.28,,
Terry,565.28,565.5,,
stopped,565.5,565.86,,
in,565.86,565.92,,
his,565.92,566.06,,
tracks,566.06,566.5,,
Look,566.86,567.07,,
here,567.07,567.24,,
fellows,567.24,567.59,,
he,567.59,567.71,,
said,567.71,568.02,,
This,568.22,568.47,,
is,568.47,568.62,,
our,568.62,568.96,,
find,568.96,569.45,,
Let,569.7,569.87,,
’s,569.87,569.95,,
not,569.95,570.14,,
tell,570.14,570.34,,
those,570.34,570.52,,
cocky,570.52,570.89,,
old,570.89,571.04,,
professors,571.04,571.58,,
Let,571.58,571.71,,
’s,571.71,571.82,,
go,571.82,572.09,,
on,572.09,572.26,,
home,572.26,572.61,,
with,572.61,572.78,,
em,572.78,572.92,,
and,572.92,573.01,,
then,573.01,573.17,,
come,573.17,573.44,,
back,573.44,573.74,,
just,573.74,574.13,,
us,574.13,574.56,,
